-- Emperor Hotel Database Seed Data Dump
-- Generated on: 2026-07-23 21:29:35
USE emperors_hotel_db;

SET FOREIGN_KEY_CHECKS = 0;

-- Table: users
TRUNCATE TABLE `users`;
INSERT INTO `users` (`user_id`, `full_name`, `email`, `password_hash`, `role`, `created_at`, `email_verified`, `otp_code`, `otp_expires_at`, `reset_token`) VALUES
('1', 'Jeffrey U. Pantaleon Jr.', 'jayjaypantaleon@gmail.com', '$2y$10$9mokMXxHv0RGr9RNq/2sZOk7QP/jSPnsNYsLER2..8QdIsge.hCnC', 'admin', '2026-07-23 21:15:56', '1', NULL, NULL, NULL),
('2', 'Wizard Of Xerox', 'wizardofxerox@gmail.com', '$2y$10$jyT9QgauLs6QC0dZ.8Ai8uq0dqQw6VB1m73mVfRGJDdVG1C56KNpW', 'user', '2026-07-23 21:15:56', '1', NULL, NULL, NULL),
('3', 'Vincent Gabriel', 'vincent@gmail.com', '$2y$10$jyT9QgauLs6QC0dZ.8Ai8uq0dqQw6VB1m73mVfRGJDdVG1C56KNpW', 'user', '2026-07-23 21:15:56', '1', NULL, NULL, NULL),
('4', 'Lore Mae Reyes', 'lore@gmail.com', '$2y$10$jyT9QgauLs6QC0dZ.8Ai8uq0dqQw6VB1m73mVfRGJDdVG1C56KNpW', 'user', '2026-07-23 21:15:56', '1', NULL, NULL, NULL),
('5', 'Maria Santos', 'maria.santos@gmail.com', '$2y$10$jyT9QgauLs6QC0dZ.8Ai8uq0dqQw6VB1m73mVfRGJDdVG1C56KNpW', 'user', '2026-07-23 21:15:56', '1', NULL, NULL, NULL),
('6', 'Juan Dela Cruz', 'juan.delacruz@gmail.com', '$2y$10$jyT9QgauLs6QC0dZ.8Ai8uq0dqQw6VB1m73mVfRGJDdVG1C56KNpW', 'user', '2026-07-23 21:15:56', '1', NULL, NULL, NULL),
('7', 'Alexander Reyes', 'alex.reyes@gmail.com', '$2y$10$jyT9QgauLs6QC0dZ.8Ai8uq0dqQw6VB1m73mVfRGJDdVG1C56KNpW', 'user', '2026-07-23 21:15:56', '1', NULL, NULL, NULL),
('8', 'Sarah Tan', 'sarah.tan@gmail.com', '$2y$10$jyT9QgauLs6QC0dZ.8Ai8uq0dqQw6VB1m73mVfRGJDdVG1C56KNpW', 'user', '2026-07-23 21:15:56', '1', NULL, NULL, NULL),
('9', 'David Lim', 'david.lim@gmail.com', '$2y$10$jyT9QgauLs6QC0dZ.8Ai8uq0dqQw6VB1m73mVfRGJDdVG1C56KNpW', 'user', '2026-07-23 21:15:56', '1', NULL, NULL, NULL),
('10', 'Carmen Aquino', 'carmen.aquino@gmail.com', '$2y$10$jyT9QgauLs6QC0dZ.8Ai8uq0dqQw6VB1m73mVfRGJDdVG1C56KNpW', 'user', '2026-07-23 21:15:56', '1', NULL, NULL, NULL),
('11', 'Marco Villa', 'marco.villa@gmail.com', '$2y$10$jyT9QgauLs6QC0dZ.8Ai8uq0dqQw6VB1m73mVfRGJDdVG1C56KNpW', 'user', '2026-07-23 21:15:56', '1', NULL, NULL, NULL),
('12', 'Elena Gomez', 'elena.gomez@gmail.com', '$2y$10$jyT9QgauLs6QC0dZ.8Ai8uq0dqQw6VB1m73mVfRGJDdVG1C56KNpW', 'user', '2026-07-23 21:15:56', '1', NULL, NULL, NULL),
('13', 'Robert Chen', 'robert.chen@gmail.com', '$2y$10$jyT9QgauLs6QC0dZ.8Ai8uq0dqQw6VB1m73mVfRGJDdVG1C56KNpW', 'user', '2026-07-23 21:15:56', '1', NULL, NULL, NULL),
('14', 'Patricia Flores', 'patricia.flores@gmail.com', '$2y$10$jyT9QgauLs6QC0dZ.8Ai8uq0dqQw6VB1m73mVfRGJDdVG1C56KNpW', 'user', '2026-07-23 21:15:56', '1', NULL, NULL, NULL),
('15', 'Michael Sy', 'michael.sy@gmail.com', '$2y$10$jyT9QgauLs6QC0dZ.8Ai8uq0dqQw6VB1m73mVfRGJDdVG1C56KNpW', 'user', '2026-07-23 21:15:56', '1', NULL, NULL, NULL),
('16', 'Jennifer Ramos', 'jennifer.ramos@gmail.com', '$2y$10$jyT9QgauLs6QC0dZ.8Ai8uq0dqQw6VB1m73mVfRGJDdVG1C56KNpW', 'user', '2026-07-23 21:15:56', '1', NULL, NULL, NULL),
('17', 'Richard Mendoza', 'richard.mendoza@gmail.com', '$2y$10$jyT9QgauLs6QC0dZ.8Ai8uq0dqQw6VB1m73mVfRGJDdVG1C56KNpW', 'user', '2026-07-23 21:15:56', '1', NULL, NULL, NULL),
('18', 'Emily Cruz', 'emily.cruz@gmail.com', '$2y$10$jyT9QgauLs6QC0dZ.8Ai8uq0dqQw6VB1m73mVfRGJDdVG1C56KNpW', 'user', '2026-07-23 21:15:56', '1', NULL, NULL, NULL),
('19', 'Daniel Torres', 'daniel.torres@gmail.com', '$2y$10$jyT9QgauLs6QC0dZ.8Ai8uq0dqQw6VB1m73mVfRGJDdVG1C56KNpW', 'user', '2026-07-23 21:15:56', '1', NULL, NULL, NULL),
('20', 'Stephanie Bautista', 'stephanie.bautista@gmail.com', '$2y$10$jyT9QgauLs6QC0dZ.8Ai8uq0dqQw6VB1m73mVfRGJDdVG1C56KNpW', 'user', '2026-07-23 21:15:56', '1', NULL, NULL, NULL),
('21', 'Christopher Santiago', 'christopher.santiago@gmail.com', '$2y$10$jyT9QgauLs6QC0dZ.8Ai8uq0dqQw6VB1m73mVfRGJDdVG1C56KNpW', 'user', '2026-07-23 21:15:56', '1', NULL, NULL, NULL),
('22', 'Amanda Castillo', 'amanda.castillo@gmail.com', '$2y$10$jyT9QgauLs6QC0dZ.8Ai8uq0dqQw6VB1m73mVfRGJDdVG1C56KNpW', 'user', '2026-07-23 21:15:56', '1', NULL, NULL, NULL),
('23', 'James Navarro', 'james.navarro@gmail.com', '$2y$10$jyT9QgauLs6QC0dZ.8Ai8uq0dqQw6VB1m73mVfRGJDdVG1C56KNpW', 'user', '2026-07-23 21:15:57', '1', NULL, NULL, NULL),
('24', 'Elizabeth Villanueva', 'elizabeth.villanueva@gmail.com', '$2y$10$jyT9QgauLs6QC0dZ.8Ai8uq0dqQw6VB1m73mVfRGJDdVG1C56KNpW', 'user', '2026-07-23 21:15:57', '1', NULL, NULL, NULL),
('25', 'Anthony Garcia', 'anthony.garcia@gmail.com', '$2y$10$jyT9QgauLs6QC0dZ.8Ai8uq0dqQw6VB1m73mVfRGJDdVG1C56KNpW', 'user', '2026-07-23 21:15:57', '1', NULL, NULL, NULL),
('26', 'Hannah Diaz', 'hannah.diaz@gmail.com', '$2y$10$jyT9QgauLs6QC0dZ.8Ai8uq0dqQw6VB1m73mVfRGJDdVG1C56KNpW', 'user', '2026-07-23 21:15:57', '1', NULL, NULL, NULL),
('27', 'Jason Valdez', 'jason.valdez@gmail.com', '$2y$10$jyT9QgauLs6QC0dZ.8Ai8uq0dqQw6VB1m73mVfRGJDdVG1C56KNpW', 'user', '2026-07-23 21:15:57', '1', NULL, NULL, NULL),
('28', 'Rachel Salazar', 'rachel.salazar@gmail.com', '$2y$10$jyT9QgauLs6QC0dZ.8Ai8uq0dqQw6VB1m73mVfRGJDdVG1C56KNpW', 'user', '2026-07-23 21:15:57', '1', NULL, NULL, NULL),
('29', 'Brian Soriano', 'brian.soriano@gmail.com', '$2y$10$jyT9QgauLs6QC0dZ.8Ai8uq0dqQw6VB1m73mVfRGJDdVG1C56KNpW', 'user', '2026-07-23 21:15:57', '1', NULL, NULL, NULL),
('30', 'Megan Delos Reyes', 'megan.delosreyes@gmail.com', '$2y$10$jyT9QgauLs6QC0dZ.8Ai8uq0dqQw6VB1m73mVfRGJDdVG1C56KNpW', 'user', '2026-07-23 21:15:57', '1', NULL, NULL, NULL),
('31', 'Patrick Ong', 'patrick.ong@gmail.com', '$2y$10$jyT9QgauLs6QC0dZ.8Ai8uq0dqQw6VB1m73mVfRGJDdVG1C56KNpW', 'user', '2026-07-23 21:15:57', '1', NULL, NULL, NULL),
('32', 'Grace Chiu', 'grace.chiu@gmail.com', '$2y$10$jyT9QgauLs6QC0dZ.8Ai8uq0dqQw6VB1m73mVfRGJDdVG1C56KNpW', 'user', '2026-07-23 21:15:57', '1', NULL, NULL, NULL),
('33', 'Mark Anthony Co', 'mark.co@gmail.com', '$2y$10$jyT9QgauLs6QC0dZ.8Ai8uq0dqQw6VB1m73mVfRGJDdVG1C56KNpW', 'user', '2026-07-23 21:15:57', '1', NULL, NULL, NULL),
('34', 'Angela Dimaculangan', 'angela.dimaculangan@gmail.com', '$2y$10$jyT9QgauLs6QC0dZ.8Ai8uq0dqQw6VB1m73mVfRGJDdVG1C56KNpW', 'user', '2026-07-23 21:15:57', '1', NULL, NULL, NULL),
('35', 'Ramon Roxas', 'ramon.roxas@gmail.com', '$2y$10$jyT9QgauLs6QC0dZ.8Ai8uq0dqQw6VB1m73mVfRGJDdVG1C56KNpW', 'user', '2026-07-23 21:15:57', '1', NULL, NULL, NULL),
('36', 'Katrina Legaspi', 'katrina.legaspi@gmail.com', '$2y$10$jyT9QgauLs6QC0dZ.8Ai8uq0dqQw6VB1m73mVfRGJDdVG1C56KNpW', 'user', '2026-07-23 21:15:57', '1', NULL, NULL, NULL),
('37', 'Francis Aranas', 'francis.aranas@gmail.com', '$2y$10$jyT9QgauLs6QC0dZ.8Ai8uq0dqQw6VB1m73mVfRGJDdVG1C56KNpW', 'user', '2026-07-23 21:15:57', '1', NULL, NULL, NULL),
('38', 'Bea Alonzo', 'bea.alonzo@gmail.com', '$2y$10$jyT9QgauLs6QC0dZ.8Ai8uq0dqQw6VB1m73mVfRGJDdVG1C56KNpW', 'user', '2026-07-23 21:15:57', '1', NULL, NULL, NULL),
('39', 'Gerald Anderson', 'gerald.anderson@gmail.com', '$2y$10$jyT9QgauLs6QC0dZ.8Ai8uq0dqQw6VB1m73mVfRGJDdVG1C56KNpW', 'user', '2026-07-23 21:15:57', '1', NULL, NULL, NULL),
('40', 'Janine Gutierrez', 'janine.gutierrez@gmail.com', '$2y$10$jyT9QgauLs6QC0dZ.8Ai8uq0dqQw6VB1m73mVfRGJDdVG1C56KNpW', 'user', '2026-07-23 21:15:57', '1', NULL, NULL, NULL);

-- Table: guests
TRUNCATE TABLE `guests`;
INSERT INTO `guests` (`guest_id`, `user_id`, `first_name`, `last_name`, `phone`, `email`, `created_at`) VALUES
('1', '1', 'Jeffrey', 'Jr.', '09174276525', 'jayjaypantaleon@gmail.com', '2026-07-23 21:15:57'),
('2', '2', 'Wizard', 'Xerox', '09188852985', 'wizardofxerox@gmail.com', '2026-07-23 21:15:57'),
('3', '3', 'Vincent', 'Gabriel', '09286189954', 'vincent@gmail.com', '2026-07-23 21:15:57'),
('4', '4', 'Lore', 'Reyes', '09082610018', 'lore@gmail.com', '2026-07-23 21:15:57'),
('5', '5', 'Maria', 'Santos', '09779746876', 'maria.santos@gmail.com', '2026-07-23 21:15:57'),
('6', '6', 'Juan', 'Cruz', '09562412739', 'juan.delacruz@gmail.com', '2026-07-23 21:15:57'),
('7', '7', 'Alexander', 'Reyes', '09982207330', 'alex.reyes@gmail.com', '2026-07-23 21:15:57'),
('8', '8', 'Sarah', 'Tan', '09155901800', 'sarah.tan@gmail.com', '2026-07-23 21:15:57'),
('9', '9', 'David', 'Lim', '09209811820', 'david.lim@gmail.com', '2026-07-23 21:15:57'),
('10', '10', 'Carmen', 'Aquino', '09393379916', 'carmen.aquino@gmail.com', '2026-07-23 21:15:57'),
('11', '11', 'Marco', 'Villa', '09173971919', 'marco.villa@gmail.com', '2026-07-23 21:15:57'),
('12', '12', 'Elena', 'Gomez', '09182679822', 'elena.gomez@gmail.com', '2026-07-23 21:15:57'),
('13', '13', 'Robert', 'Chen', '09289825408', 'robert.chen@gmail.com', '2026-07-23 21:15:57'),
('14', '14', 'Patricia', 'Flores', '09087416108', 'patricia.flores@gmail.com', '2026-07-23 21:15:57'),
('15', '15', 'Michael', 'Sy', '09779524159', 'michael.sy@gmail.com', '2026-07-23 21:15:57'),
('16', '16', 'Jennifer', 'Ramos', '09569098429', 'jennifer.ramos@gmail.com', '2026-07-23 21:15:57'),
('17', '17', 'Richard', 'Mendoza', '09984872427', 'richard.mendoza@gmail.com', '2026-07-23 21:15:57'),
('18', '18', 'Emily', 'Cruz', '09157335364', 'emily.cruz@gmail.com', '2026-07-23 21:15:57'),
('19', '19', 'Daniel', 'Torres', '09207613352', 'daniel.torres@gmail.com', '2026-07-23 21:15:57'),
('20', '20', 'Stephanie', 'Bautista', '09394865629', 'stephanie.bautista@gmail.com', '2026-07-23 21:15:57'),
('21', '21', 'Christopher', 'Santiago', '09178592482', 'christopher.santiago@gmail.com', '2026-07-23 21:15:57'),
('22', '22', 'Amanda', 'Castillo', '09188609218', 'amanda.castillo@gmail.com', '2026-07-23 21:15:57'),
('23', '23', 'James', 'Navarro', '09288925559', 'james.navarro@gmail.com', '2026-07-23 21:15:57'),
('24', '24', 'Elizabeth', 'Villanueva', '09089903228', 'elizabeth.villanueva@gmail.com', '2026-07-23 21:15:57'),
('25', '25', 'Anthony', 'Garcia', '09773483062', 'anthony.garcia@gmail.com', '2026-07-23 21:15:57'),
('26', '26', 'Hannah', 'Diaz', '09567645798', 'hannah.diaz@gmail.com', '2026-07-23 21:15:57'),
('27', '27', 'Jason', 'Valdez', '09988831848', 'jason.valdez@gmail.com', '2026-07-23 21:15:57'),
('28', '28', 'Rachel', 'Salazar', '09154775506', 'rachel.salazar@gmail.com', '2026-07-23 21:15:57'),
('29', '29', 'Brian', 'Soriano', '09205619686', 'brian.soriano@gmail.com', '2026-07-23 21:15:57'),
('30', '30', 'Megan', 'Reyes', '09398306626', 'megan.delosreyes@gmail.com', '2026-07-23 21:15:57'),
('31', '31', 'Patrick', 'Ong', '09179392385', 'patrick.ong@gmail.com', '2026-07-23 21:15:57'),
('32', '32', 'Grace', 'Chiu', '09188328596', 'grace.chiu@gmail.com', '2026-07-23 21:15:57'),
('33', '33', 'Mark', 'Co', '09287016941', 'mark.co@gmail.com', '2026-07-23 21:15:57'),
('34', '34', 'Angela', 'Dimaculangan', '09083728995', 'angela.dimaculangan@gmail.com', '2026-07-23 21:15:57'),
('35', '35', 'Ramon', 'Roxas', '09773838442', 'ramon.roxas@gmail.com', '2026-07-23 21:15:57'),
('36', '36', 'Katrina', 'Legaspi', '09568593644', 'katrina.legaspi@gmail.com', '2026-07-23 21:15:57'),
('37', '37', 'Francis', 'Aranas', '09983380439', 'francis.aranas@gmail.com', '2026-07-23 21:15:57'),
('38', '38', 'Bea', 'Alonzo', '09154282757', 'bea.alonzo@gmail.com', '2026-07-23 21:15:57'),
('39', '39', 'Gerald', 'Anderson', '09208765268', 'gerald.anderson@gmail.com', '2026-07-23 21:15:57'),
('40', '40', 'Janine', 'Gutierrez', '09391751617', 'janine.gutierrez@gmail.com', '2026-07-23 21:15:57'),
('41', NULL, 'Gabriel', 'Alvarez', '09175699093', 'gabriel.alvarez@yahoo.com', '2026-07-23 21:15:57'),
('42', NULL, 'Sophia', 'Morales', '09188073794', 'sophia.morales@yahoo.com', '2026-07-23 21:15:57'),
('43', NULL, 'Justin', 'Enriquez', '09288660859', 'justin.enriquez@yahoo.com', '2026-07-23 21:15:57'),
('44', NULL, 'Isabella', 'Pineda', '09081084745', 'isabella.pineda@yahoo.com', '2026-07-23 21:15:57'),
('45', NULL, 'Kenneth', 'Ocampo', '09779807277', 'kenneth.ocampo@yahoo.com', '2026-07-23 21:15:57'),
('46', NULL, 'Victoria', 'Dizon', '09561196898', 'victoria.dizon@yahoo.com', '2026-07-23 21:15:57'),
('47', NULL, 'Christian', 'Aguilar', '09984324884', 'christian.aguilar@yahoo.com', '2026-07-23 21:15:57'),
('48', NULL, 'Samantha', 'Vergara', '09155936254', 'samantha.vergara@yahoo.com', '2026-07-23 21:15:57'),
('49', NULL, 'Raymond', 'Pascual', '09205890770', 'raymond.pascual@yahoo.com', '2026-07-23 21:15:57'),
('50', NULL, 'Veronica', 'Tolentino', '09399003830', 'veronica.tolentino@yahoo.com', '2026-07-23 21:15:57'),
('51', NULL, 'Nathaniel', 'Bermudez', '09171812393', 'nathaniel.bermudez@yahoo.com', '2026-07-23 21:15:57'),
('52', NULL, 'Chloe', 'David', '09189224628', 'chloe.david@yahoo.com', '2026-07-23 21:15:57'),
('53', NULL, 'Julian', 'Corpus', '09283471979', 'julian.corpus@yahoo.com', '2026-07-23 21:15:57'),
('54', NULL, 'Camilla', 'Serrano', '09087093104', 'camilla.serrano@yahoo.com', '2026-07-23 21:15:57'),
('55', NULL, 'Ethan', 'Zamora', '09777299961', 'ethan.zamora@yahoo.com', '2026-07-23 21:15:57'),
('56', NULL, 'Dominic', 'Paredes', '09562021984', 'dominic.paredes@yahoo.com', '2026-07-23 21:15:57'),
('57', NULL, 'Jasmine', 'Fernandez', '09988731964', 'jasmine.fernandez@yahoo.com', '2026-07-23 21:15:57'),
('58', NULL, 'Leo', 'Nolasco', '09157373375', 'leo.nolasco@yahoo.com', '2026-07-23 21:15:57'),
('59', NULL, 'Bianca', 'Sison', '09201545430', 'bianca.sison@yahoo.com', '2026-07-23 21:15:57'),
('60', NULL, 'Paolo', 'Macaraeg', '09397326722', 'paolo.macaraeg@yahoo.com', '2026-07-23 21:15:57'),
('61', NULL, 'Kristine', 'Bernardo', '09176853148', 'kristine.bernardo@yahoo.com', '2026-07-23 21:15:57'),
('62', NULL, 'Enrique', 'Gil', '09187273852', 'enrique.gil@yahoo.com', '2026-07-23 21:15:57'),
('63', NULL, 'Liza', 'Soberano', '09282291998', 'liza.soberano@yahoo.com', '2026-07-23 21:15:57'),
('64', NULL, 'Daniel', 'Padilla', '09088982793', 'daniel.padilla@yahoo.com', '2026-07-23 21:15:57'),
('65', NULL, 'Kathryn', 'Bernardo', '09773873169', 'kathryn.bernardo@yahoo.com', '2026-07-23 21:15:57');

-- Table: rooms
TRUNCATE TABLE `rooms`;
INSERT INTO `rooms` (`room_id`, `room_number`, `room_type`, `floor`, `price_per_night`, `status`, `created_at`, `bed_type`, `max_capacity`, `view_type`) VALUES
('1', '101', 'Imperial Deluxe', '1', '4500.00', 'Occupied', '2026-05-26 16:03:59', 'Queen Bed', '2', 'City Skyline View'),
('2', '102', 'Imperial Deluxe', '1', '4500.00', 'Reserved', '2026-05-26 16:03:59', 'Queen Bed', '2', 'City Skyline View'),
('3', '103', 'Imperial Deluxe', '1', '4500.00', 'Cleaning', '2026-05-26 16:03:59', 'Queen Bed', '2', 'City Skyline View'),
('4', '104', 'Imperial Deluxe', '1', '4500.00', 'Available', '2026-05-26 16:03:59', 'Queen Bed', '2', 'City Skyline View'),
('5', '105', 'Imperial Deluxe', '1', '4500.00', 'Occupied', '2026-05-26 16:03:59', 'Queen Bed', '2', 'City Skyline View'),
('6', '106', 'Imperial Deluxe', '1', '4500.00', 'Reserved', '2026-05-26 16:03:59', 'Queen Bed', '2', 'City Skyline View'),
('7', '107', 'Imperial Deluxe', '1', '4500.00', 'Available', '2026-05-26 16:03:59', 'Queen Bed', '2', 'City Skyline View'),
('8', '108', 'Imperial Deluxe', '1', '4500.00', 'Available', '2026-05-26 16:03:59', 'Queen Bed', '2', 'City Skyline View'),
('9', '109', 'Imperial Deluxe', '1', '4500.00', 'Occupied', '2026-05-26 16:03:59', 'Queen Bed', '2', 'City Skyline View'),
('10', '110', 'Imperial Deluxe', '1', '4500.00', 'Reserved', '2026-05-26 16:03:59', 'Queen Bed', '2', 'City Skyline View'),
('11', '111', 'Imperial Deluxe', '1', '4500.00', 'Available', '2026-05-26 16:03:59', 'Queen Bed', '2', 'City Skyline View'),
('12', '112', 'Imperial Deluxe', '1', '4500.00', 'Available', '2026-05-26 16:03:59', 'Queen Bed', '2', 'City Skyline View'),
('13', '201', 'Royal Executive', '2', '7500.00', 'Occupied', '2026-05-26 16:03:59', 'King Bed', '4', 'Garden Terrace View'),
('14', '202', 'Royal Executive', '2', '7500.00', 'Reserved', '2026-05-26 16:03:59', 'King Bed', '4', 'Garden Terrace View'),
('15', '203', 'Royal Executive', '2', '7500.00', 'Cleaning', '2026-05-26 16:03:59', 'King Bed', '4', 'Garden Terrace View'),
('16', '204', 'Royal Executive', '2', '7500.00', 'Occupied', '2026-05-26 16:03:59', 'King Bed', '4', 'Garden Terrace View'),
('17', '205', 'Royal Executive', '2', '7500.00', 'Reserved', '2026-05-26 16:03:59', 'King Bed', '4', 'Garden Terrace View'),
('18', '206', 'Royal Executive', '2', '7500.00', 'Available', '2026-05-26 16:03:59', 'King Bed', '4', 'Garden Terrace View'),
('19', '207', 'Royal Executive', '2', '7500.00', 'Available', '2026-05-26 16:03:59', 'King Bed', '4', 'Garden Terrace View'),
('20', '208', 'Royal Executive', '2', '7500.00', 'Occupied', '2026-05-26 16:03:59', 'King Bed', '4', 'Garden Terrace View'),
('21', '209', 'Royal Executive', '2', '7500.00', 'Reserved', '2026-05-26 16:03:59', 'King Bed', '4', 'Garden Terrace View'),
('22', '210', 'Royal Executive', '2', '7500.00', 'Available', '2026-05-26 16:03:59', 'King Bed', '4', 'Garden Terrace View'),
('23', '211', 'Royal Executive', '2', '7500.00', 'Occupied', '2026-05-26 16:03:59', 'King Bed', '4', 'Garden Terrace View'),
('24', '212', 'Royal Executive', '2', '7500.00', 'Available', '2026-05-26 16:03:59', 'King Bed', '4', 'Garden Terrace View'),
('25', '301', 'Emperor Presidential', '3', '12500.00', 'Occupied', '2026-05-26 16:03:59', 'Super King Master Suite', '6', 'Panoramic Ocean View'),
('26', '302', 'Emperor Presidential', '3', '12500.00', 'Reserved', '2026-05-26 16:03:59', 'Super King Master Suite', '6', 'Panoramic Ocean View'),
('27', '303', 'Emperor Presidential', '3', '12500.00', 'Available', '2026-05-26 16:03:59', 'Super King Master Suite', '6', 'Panoramic Ocean View'),
('28', '304', 'Emperor Presidential', '3', '12500.00', 'Occupied', '2026-05-26 16:03:59', 'Super King Master Suite', '6', 'Panoramic Ocean View'),
('29', '305', 'Emperor Presidential', '3', '12500.00', 'Reserved', '2026-05-26 16:03:59', 'Super King Master Suite', '6', 'Panoramic Ocean View'),
('30', '306', 'Emperor Presidential', '3', '12500.00', 'Available', '2026-05-26 16:03:59', 'Super King Master Suite', '6', 'Panoramic Ocean View'),
('31', '307', 'Emperor Presidential', '3', '12500.00', 'Occupied', '2026-05-26 16:03:59', 'Super King Master Suite', '6', 'Panoramic Ocean View'),
('32', '308', 'Emperor Presidential', '3', '12500.00', 'Reserved', '2026-05-26 16:03:59', 'Super King Master Suite', '6', 'Panoramic Ocean View'),
('33', '309', 'Emperor Presidential', '3', '12500.00', 'Reserved', '2026-05-26 16:03:59', 'Super King Master Suite', '6', 'Panoramic Ocean View'),
('34', '310', 'Emperor Presidential', '3', '12500.00', 'Occupied', '2026-05-26 16:03:59', 'Super King Master Suite', '6', 'Panoramic Ocean View'),
('35', '311', 'Emperor Presidential', '3', '12500.00', 'Occupied', '2026-05-26 16:03:59', 'Super King Master Suite', '6', 'Panoramic Ocean View'),
('36', '312', 'Emperor Presidential', '3', '12500.00', 'Maintenance', '2026-05-26 16:03:59', 'Super King Master Suite', '6', 'Panoramic Ocean View');

-- Table: reservations
TRUNCATE TABLE `reservations`;
INSERT INTO `reservations` (`reservation_id`, `user_id`, `guest_id`, `room_id`, `check_in`, `check_out`, `total_amount`, `status`, `created_at`) VALUES
('1', '1', '1', '1', '2026-03-01', '2026-03-05', '18000.00', 'Checked-out', '2026-02-20 21:15:57'),
('2', '2', '2', '2', '2025-11-02', '2025-11-07', '22500.00', 'Checked-out', '2025-10-25 21:15:57'),
('3', '3', '3', '3', '2025-09-04', '2025-09-07', '13500.00', 'Checked-out', '2025-09-01 21:15:57'),
('4', '4', '4', '4', '2026-05-06', '2026-05-11', '22500.00', 'Checked-out', '2026-05-04 21:15:57'),
('5', '5', '5', '5', '2026-03-21', '2026-03-26', '22500.00', 'Checked-out', '2026-03-15 21:15:57'),
('6', '6', '6', '6', '2026-04-22', '2026-04-27', '22500.00', 'Checked-out', '2026-04-09 21:15:57'),
('7', '7', '7', '7', '2025-11-26', '2025-11-29', '13500.00', 'Checked-out', '2025-11-14 21:15:57'),
('8', '8', '8', '8', '2025-10-19', '2025-10-20', '4500.00', 'Checked-out', '2025-10-09 21:15:57'),
('9', '9', '9', '9', '2025-09-07', '2025-09-12', '22500.00', 'Checked-out', '2025-08-28 21:15:57'),
('10', '10', '10', '10', '2026-04-23', '2026-04-28', '22500.00', 'Checked-out', '2026-04-15 21:15:57'),
('11', '11', '11', '11', '2025-07-23', '2025-07-26', '13500.00', 'Checked-out', '2025-07-16 21:15:57'),
('12', '12', '12', '12', '2026-05-28', '2026-06-01', '18000.00', 'Checked-out', '2026-05-16 21:15:57'),
('13', '13', '13', '13', '2026-05-03', '2026-05-05', '15000.00', 'Checked-out', '2026-04-24 21:15:57'),
('14', '14', '14', '14', '2026-02-13', '2026-02-17', '30000.00', 'Checked-out', '2026-02-07 21:15:57'),
('15', '15', '15', '15', '2025-09-25', '2025-09-29', '30000.00', 'Checked-out', '2025-09-17 21:15:57'),
('16', '16', '16', '16', '2026-04-11', '2026-04-13', '15000.00', 'Checked-out', '2026-04-04 21:15:57'),
('17', '17', '17', '17', '2026-04-19', '2026-04-20', '7500.00', 'Checked-out', '2026-04-11 21:15:57'),
('18', '18', '18', '18', '2026-01-16', '2026-01-17', '7500.00', 'Checked-out', '2026-01-04 21:15:57'),
('19', '19', '19', '19', '2025-08-25', '2025-08-26', '7500.00', 'Checked-out', '2025-08-13 21:15:57'),
('20', '20', '20', '20', '2026-01-26', '2026-01-30', '30000.00', 'Checked-out', '2026-01-14 21:15:57'),
('21', '21', '21', '21', '2025-12-19', '2025-12-24', '37500.00', 'Checked-out', '2025-12-14 21:15:57'),
('22', '22', '22', '22', '2026-06-10', '2026-06-13', '22500.00', 'Checked-out', '2026-05-28 21:15:57'),
('23', '23', '23', '23', '2025-11-23', '2025-11-24', '7500.00', 'Checked-out', '2025-11-13 21:15:57'),
('24', '24', '24', '24', '2025-11-26', '2025-11-28', '15000.00', 'Checked-out', '2025-11-13 21:15:57'),
('25', '25', '25', '25', '2026-02-26', '2026-02-27', '12500.00', 'Checked-out', '2026-02-16 21:15:57'),
('26', '26', '26', '26', '2025-07-29', '2025-08-03', '62500.00', 'Checked-out', '2025-07-18 21:15:57'),
('27', '27', '27', '27', '2025-08-01', '2025-08-05', '50000.00', 'Checked-out', '2025-07-27 21:15:57'),
('28', '28', '28', '28', '2026-03-07', '2026-03-09', '25000.00', 'Checked-out', '2026-03-03 21:15:57'),
('29', '29', '29', '29', '2026-04-23', '2026-04-28', '62500.00', 'Checked-out', '2026-04-21 21:15:57'),
('30', '30', '30', '30', '2025-08-06', '2025-08-10', '50000.00', 'Checked-out', '2025-08-04 21:15:57'),
('31', '31', '31', '31', '2026-02-08', '2026-02-13', '62500.00', 'Checked-out', '2026-02-02 21:15:57'),
('32', '32', '32', '32', '2026-01-06', '2026-01-10', '50000.00', 'Checked-out', '2026-01-03 21:15:57'),
('33', '33', '33', '33', '2026-07-05', '2026-07-07', '25000.00', 'Checked-out', '2026-07-03 21:15:57'),
('34', '34', '34', '34', '2026-06-24', '2026-06-28', '50000.00', 'Checked-out', '2026-06-19 21:15:57'),
('35', '35', '35', '35', '2026-01-08', '2026-01-12', '50000.00', 'Checked-out', '2026-01-06 21:15:57'),
('36', '36', '36', '36', '2026-06-11', '2026-06-15', '50000.00', 'Checked-out', '2026-06-05 21:15:57'),
('37', '37', '37', '1', '2026-07-10', '2026-07-13', '13500.00', 'Checked-out', '2026-07-06 21:15:57'),
('38', '38', '38', '2', '2026-03-11', '2026-03-12', '4500.00', 'Checked-out', '2026-02-25 21:15:57'),
('39', '39', '39', '3', '2026-01-20', '2026-01-24', '18000.00', 'Checked-out', '2026-01-08 21:15:57'),
('40', '40', '40', '4', '2026-01-20', '2026-01-24', '18000.00', 'Checked-out', '2026-01-17 21:15:57'),
('41', NULL, '41', '5', '2026-07-06', '2026-07-08', '9000.00', 'Checked-out', '2026-07-02 21:15:57'),
('42', NULL, '42', '6', '2026-06-30', '2026-07-01', '4500.00', 'Checked-out', '2026-06-28 21:15:57'),
('43', NULL, '43', '7', '2026-03-24', '2026-03-27', '13500.00', 'Checked-out', '2026-03-17 21:15:57'),
('44', NULL, '44', '8', '2026-01-01', '2026-01-03', '9000.00', 'Checked-out', '2025-12-18 21:15:57'),
('45', NULL, '45', '9', '2025-08-31', '2025-09-05', '22500.00', 'Checked-out', '2025-08-25 21:15:57'),
('46', NULL, '46', '10', '2026-05-26', '2026-05-30', '18000.00', 'Checked-out', '2026-05-22 21:15:57'),
('47', NULL, '47', '11', '2026-03-24', '2026-03-27', '13500.00', 'Checked-out', '2026-03-22 21:15:57'),
('48', NULL, '48', '12', '2026-05-06', '2026-05-07', '4500.00', 'Checked-out', '2026-05-02 21:15:57'),
('49', NULL, '49', '13', '2025-12-08', '2025-12-09', '7500.00', 'Checked-out', '2025-12-01 21:15:57'),
('50', NULL, '50', '14', '2026-03-02', '2026-03-03', '7500.00', 'Checked-out', '2026-02-18 21:15:57'),
('51', NULL, '51', '15', '2026-01-26', '2026-01-30', '30000.00', 'Checked-out', '2026-01-20 21:15:57'),
('52', NULL, '52', '16', '2025-11-02', '2025-11-04', '15000.00', 'Checked-out', '2025-10-26 21:15:57'),
('53', NULL, '53', '17', '2026-05-21', '2026-05-26', '37500.00', 'Checked-out', '2026-05-08 21:15:57'),
('54', NULL, '54', '18', '2026-02-06', '2026-02-08', '15000.00', 'Checked-out', '2026-02-04 21:15:57'),
('55', NULL, '55', '19', '2026-05-22', '2026-05-23', '7500.00', 'Checked-out', '2026-05-13 21:15:57'),
('56', NULL, '56', '20', '2025-12-07', '2025-12-12', '37500.00', 'Checked-out', '2025-11-27 21:15:57'),
('57', NULL, '57', '21', '2026-05-24', '2026-05-26', '15000.00', 'Checked-out', '2026-05-16 21:15:57'),
('58', NULL, '58', '22', '2025-12-03', '2025-12-08', '37500.00', 'Checked-out', '2025-11-26 21:15:57'),
('59', NULL, '59', '23', '2026-05-02', '2026-05-03', '7500.00', 'Checked-out', '2026-04-30 21:15:57'),
('60', NULL, '60', '24', '2026-02-23', '2026-02-28', '37500.00', 'Checked-out', '2026-02-12 21:15:57'),
('61', NULL, '61', '25', '2025-10-15', '2025-10-16', '12500.00', 'Checked-out', '2025-10-05 21:15:57'),
('62', NULL, '62', '26', '2026-06-11', '2026-06-16', '62500.00', 'Checked-out', '2026-06-09 21:15:57'),
('63', NULL, '63', '27', '2025-08-26', '2025-08-28', '25000.00', 'Checked-out', '2025-08-16 21:15:57'),
('64', NULL, '64', '28', '2025-12-28', '2025-12-30', '25000.00', 'Checked-out', '2025-12-18 21:15:57'),
('65', NULL, '65', '29', '2025-09-18', '2025-09-21', '37500.00', 'Checked-out', '2025-09-09 21:15:57'),
('66', '1', '1', '30', '2025-08-08', '2025-08-10', '25000.00', 'Checked-out', '2025-07-26 21:15:57'),
('67', '2', '2', '31', '2026-01-04', '2026-01-08', '50000.00', 'Checked-out', '2025-12-23 21:15:57'),
('68', '3', '3', '32', '2025-09-03', '2025-09-06', '37500.00', 'Checked-out', '2025-08-20 21:15:57'),
('69', '4', '4', '33', '2025-11-21', '2025-11-24', '37500.00', 'Checked-out', '2025-11-11 21:15:57'),
('70', '5', '5', '34', '2026-04-19', '2026-04-22', '37500.00', 'Checked-out', '2026-04-16 21:15:57'),
('71', '6', '6', '35', '2026-05-02', '2026-05-04', '25000.00', 'Checked-out', '2026-04-21 21:15:57'),
('72', '7', '7', '36', '2026-02-06', '2026-02-07', '12500.00', 'Checked-out', '2026-01-23 21:15:57'),
('73', '8', '8', '1', '2025-08-12', '2025-08-14', '9000.00', 'Checked-out', '2025-08-09 21:15:57'),
('74', '9', '9', '2', '2025-07-28', '2025-07-31', '13500.00', 'Checked-out', '2025-07-18 21:15:57'),
('75', '10', '10', '3', '2025-12-09', '2025-12-12', '13500.00', 'Checked-out', '2025-12-02 21:15:57'),
('76', '11', '11', '4', '2026-02-18', '2026-02-22', '18000.00', 'Checked-out', '2026-02-10 21:15:57'),
('77', '12', '12', '5', '2026-03-06', '2026-03-11', '22500.00', 'Checked-out', '2026-02-23 21:15:57'),
('78', '13', '13', '6', '2026-04-02', '2026-04-06', '18000.00', 'Checked-out', '2026-03-30 21:15:57'),
('79', '14', '14', '7', '2025-10-25', '2025-10-27', '9000.00', 'Checked-out', '2025-10-19 21:15:57'),
('80', '15', '15', '8', '2026-01-17', '2026-01-22', '22500.00', 'Checked-out', '2026-01-10 21:15:57'),
('81', '16', '16', '9', '2025-11-08', '2025-11-12', '18000.00', 'Checked-out', '2025-11-01 21:15:57'),
('82', '17', '17', '10', '2026-07-02', '2026-07-04', '9000.00', 'Checked-out', '2026-06-25 21:15:57'),
('83', '18', '18', '11', '2026-03-16', '2026-03-21', '22500.00', 'Checked-out', '2026-03-10 21:15:57'),
('84', '19', '19', '12', '2026-03-03', '2026-03-07', '18000.00', 'Checked-out', '2026-02-24 21:15:57'),
('85', '20', '20', '13', '2025-10-14', '2025-10-18', '30000.00', 'Checked-out', '2025-10-01 21:15:57'),
('86', '21', '21', '14', '2026-02-26', '2026-02-28', '15000.00', 'Checked-out', '2026-02-12 21:15:57'),
('87', '22', '22', '15', '2025-08-31', '2025-09-04', '30000.00', 'Checked-out', '2025-08-17 21:15:57'),
('88', '23', '23', '16', '2025-08-09', '2025-08-13', '30000.00', 'Checked-out', '2025-07-31 21:15:57'),
('89', '24', '24', '17', '2025-12-01', '2025-12-06', '37500.00', 'Checked-out', '2025-11-24 21:15:57'),
('90', '25', '25', '18', '2026-03-19', '2026-03-21', '15000.00', 'Checked-out', '2026-03-11 21:15:57'),
('91', '26', '26', '19', '2026-05-29', '2026-06-02', '30000.00', 'Checked-out', '2026-05-18 21:15:57'),
('92', '27', '27', '20', '2026-01-23', '2026-01-26', '22500.00', 'Checked-out', '2026-01-15 21:15:57'),
('93', '28', '28', '21', '2025-09-08', '2025-09-10', '15000.00', 'Checked-out', '2025-09-01 21:15:57'),
('94', '29', '29', '22', '2025-12-07', '2025-12-12', '37500.00', 'Checked-out', '2025-11-26 21:15:57'),
('95', '30', '30', '23', '2025-09-27', '2025-09-30', '22500.00', 'Checked-out', '2025-09-18 21:15:57'),
('96', '31', '31', '24', '2025-10-09', '2025-10-10', '7500.00', 'Checked-out', '2025-10-04 21:15:57'),
('97', '32', '32', '25', '2025-12-24', '2025-12-28', '50000.00', 'Checked-out', '2025-12-14 21:15:57'),
('98', '33', '33', '26', '2026-04-27', '2026-04-28', '12500.00', 'Checked-out', '2026-04-23 21:15:57'),
('99', '34', '34', '27', '2026-04-17', '2026-04-19', '25000.00', 'Checked-out', '2026-04-12 21:15:57'),
('100', '35', '35', '28', '2026-03-23', '2026-03-27', '50000.00', 'Checked-out', '2026-03-15 21:15:57'),
('101', '36', '36', '29', '2026-07-12', '2026-07-14', '25000.00', 'Checked-out', '2026-07-07 21:15:57'),
('102', '37', '37', '30', '2025-09-21', '2025-09-25', '50000.00', 'Checked-out', '2025-09-07 21:15:57'),
('103', '38', '38', '31', '2026-02-19', '2026-02-24', '62500.00', 'Checked-out', '2026-02-10 21:15:57'),
('104', '39', '39', '32', '2025-10-31', '2025-11-02', '25000.00', 'Checked-out', '2025-10-17 21:15:57'),
('105', '40', '40', '33', '2025-09-19', '2025-09-24', '62500.00', 'Checked-out', '2025-09-13 21:15:57'),
('106', NULL, '41', '34', '2025-09-23', '2025-09-24', '12500.00', 'Checked-out', '2025-09-17 21:15:57'),
('107', NULL, '42', '35', '2026-01-17', '2026-01-21', '50000.00', 'Checked-out', '2026-01-08 21:15:57'),
('108', NULL, '43', '36', '2026-01-11', '2026-01-12', '12500.00', 'Checked-out', '2025-12-28 21:15:57'),
('109', NULL, '44', '1', '2025-08-01', '2025-08-05', '18000.00', 'Checked-out', '2025-07-18 21:15:57'),
('110', NULL, '45', '2', '2026-04-05', '2026-04-09', '18000.00', 'Checked-out', '2026-04-02 21:15:57'),
('111', NULL, '46', '3', '2025-08-25', '2025-08-28', '13500.00', 'Checked-out', '2025-08-22 21:15:57'),
('112', NULL, '47', '4', '2025-09-27', '2025-09-29', '9000.00', 'Checked-out', '2025-09-14 21:15:57'),
('113', NULL, '48', '5', '2026-03-16', '2026-03-18', '9000.00', 'Checked-out', '2026-03-13 21:15:57'),
('114', NULL, '49', '6', '2025-08-23', '2025-08-26', '13500.00', 'Checked-out', '2025-08-19 21:15:57'),
('115', NULL, '50', '7', '2026-05-04', '2026-05-05', '4500.00', 'Checked-out', '2026-04-20 21:15:57'),
('116', NULL, '51', '8', '2025-07-24', '2025-07-29', '22500.00', 'Checked-out', '2025-07-15 21:15:57'),
('117', NULL, '52', '9', '2025-09-29', '2025-10-04', '22500.00', 'Checked-out', '2025-09-15 21:15:57'),
('118', NULL, '53', '10', '2026-03-12', '2026-03-14', '9000.00', 'Checked-out', '2026-03-01 21:15:57'),
('119', NULL, '54', '11', '2026-06-22', '2026-06-24', '9000.00', 'Checked-out', '2026-06-09 21:15:57'),
('120', NULL, '55', '12', '2026-05-23', '2026-05-24', '4500.00', 'Checked-out', '2026-05-10 21:15:57'),
('121', NULL, '56', '13', '2025-09-27', '2025-09-28', '7500.00', 'Checked-out', '2025-09-14 21:15:57'),
('122', NULL, '57', '14', '2026-06-26', '2026-06-28', '15000.00', 'Checked-out', '2026-06-12 21:15:57'),
('123', NULL, '58', '15', '2025-12-22', '2025-12-23', '7500.00', 'Checked-out', '2025-12-10 21:15:57'),
('124', NULL, '59', '16', '2025-10-31', '2025-11-01', '7500.00', 'Checked-out', '2025-10-21 21:15:57'),
('125', NULL, '60', '17', '2026-05-12', '2026-05-16', '30000.00', 'Checked-out', '2026-05-10 21:15:57'),
('126', NULL, '61', '18', '2026-06-30', '2026-07-05', '37500.00', 'Checked-out', '2026-06-19 21:15:57'),
('127', NULL, '62', '19', '2025-10-17', '2025-10-20', '22500.00', 'Checked-out', '2025-10-08 21:15:57'),
('128', NULL, '63', '20', '2025-09-19', '2025-09-22', '22500.00', 'Checked-out', '2025-09-17 21:15:57'),
('129', NULL, '64', '21', '2026-02-09', '2026-02-13', '30000.00', 'Checked-out', '2026-02-04 21:15:57'),
('130', NULL, '65', '22', '2026-07-02', '2026-07-07', '37500.00', 'Checked-out', '2026-06-25 21:15:57'),
('131', '1', '1', '23', '2025-09-18', '2025-09-21', '22500.00', 'Checked-out', '2025-09-12 21:15:57'),
('132', '2', '2', '24', '2026-06-14', '2026-06-19', '37500.00', 'Checked-out', '2026-06-04 21:15:57'),
('133', '3', '3', '25', '2025-08-14', '2025-08-17', '37500.00', 'Checked-out', '2025-08-08 21:15:57'),
('134', '4', '4', '26', '2025-12-01', '2025-12-03', '25000.00', 'Checked-out', '2025-11-23 21:15:57'),
('135', '5', '5', '27', '2025-08-03', '2025-08-08', '62500.00', 'Checked-out', '2025-07-24 21:15:57'),
('136', '6', '6', '28', '2026-05-30', '2026-06-02', '37500.00', 'Checked-out', '2026-05-22 21:15:57'),
('137', '7', '7', '29', '2026-07-02', '2026-07-05', '37500.00', 'Checked-out', '2026-06-27 21:15:57'),
('138', '8', '8', '30', '2026-04-01', '2026-04-05', '50000.00', 'Checked-out', '2026-03-29 21:15:57'),
('139', '9', '9', '31', '2026-05-07', '2026-05-11', '50000.00', 'Checked-out', '2026-04-24 21:15:57'),
('140', '10', '10', '32', '2026-04-22', '2026-04-24', '25000.00', 'Checked-out', '2026-04-14 21:15:57'),
('141', '11', '11', '33', '2026-04-16', '2026-04-21', '62500.00', 'Checked-out', '2026-04-12 21:15:57'),
('142', '12', '12', '34', '2026-03-19', '2026-03-22', '37500.00', 'Checked-out', '2026-03-17 21:15:57'),
('143', '13', '13', '35', '2026-03-07', '2026-03-08', '12500.00', 'Checked-out', '2026-02-28 21:15:57'),
('144', '14', '14', '36', '2026-02-13', '2026-02-15', '25000.00', 'Checked-out', '2026-01-31 21:15:57'),
('145', '15', '15', '1', '2025-10-17', '2025-10-22', '22500.00', 'Checked-out', '2025-10-07 21:15:57'),
('146', '16', '16', '2', '2025-11-09', '2025-11-12', '13500.00', 'Checked-out', '2025-11-01 21:15:57'),
('147', '17', '17', '3', '2026-03-09', '2026-03-13', '18000.00', 'Checked-out', '2026-02-25 21:15:57'),
('148', '18', '18', '4', '2025-09-24', '2025-09-27', '13500.00', 'Checked-out', '2025-09-15 21:15:57'),
('149', '19', '19', '5', '2026-05-03', '2026-05-06', '13500.00', 'Checked-out', '2026-04-19 21:15:57'),
('150', '20', '20', '6', '2025-12-10', '2025-12-13', '13500.00', 'Checked-out', '2025-12-07 21:15:57'),
('151', '21', '21', '7', '2026-01-16', '2026-01-19', '13500.00', 'Checked-out', '2026-01-07 21:15:57'),
('152', '22', '22', '8', '2025-11-10', '2025-11-13', '13500.00', 'Checked-out', '2025-11-06 21:15:57'),
('153', '23', '23', '9', '2026-02-07', '2026-02-10', '13500.00', 'Checked-out', '2026-01-29 21:15:57'),
('154', '24', '24', '10', '2026-03-27', '2026-03-28', '4500.00', 'Checked-out', '2026-03-22 21:15:57'),
('155', '25', '25', '11', '2025-10-02', '2025-10-07', '22500.00', 'Checked-out', '2025-09-27 21:15:57'),
('156', '26', '26', '12', '2026-07-01', '2026-07-05', '18000.00', 'Checked-out', '2026-06-27 21:15:57'),
('157', '27', '27', '13', '2025-10-24', '2025-10-26', '15000.00', 'Checked-out', '2025-10-19 21:15:57'),
('158', '28', '28', '14', '2026-05-16', '2026-05-17', '7500.00', 'Checked-out', '2026-05-12 21:15:57'),
('159', '29', '29', '15', '2025-10-25', '2025-10-30', '37500.00', 'Checked-out', '2025-10-13 21:15:57'),
('160', '30', '30', '16', '2025-12-25', '2025-12-28', '22500.00', 'Checked-out', '2025-12-16 21:15:57'),
('161', '29', '29', '1', '2026-07-22', '2026-07-26', '18000.00', 'Checked-in', '2026-07-19 21:15:57'),
('162', NULL, '56', '5', '2026-07-22', '2026-07-26', '18000.00', 'Checked-in', '2026-07-19 21:15:57'),
('163', '37', '37', '9', '2026-07-22', '2026-07-26', '18000.00', 'Checked-in', '2026-07-19 21:15:57'),
('164', '28', '28', '13', '2026-07-22', '2026-07-26', '30000.00', 'Checked-in', '2026-07-19 21:15:57'),
('165', '36', '36', '16', '2026-07-22', '2026-07-26', '30000.00', 'Checked-in', '2026-07-19 21:15:57'),
('166', '26', '26', '20', '2026-07-22', '2026-07-26', '30000.00', 'Checked-in', '2026-07-19 21:15:57'),
('167', NULL, '45', '23', '2026-07-22', '2026-07-26', '30000.00', 'Checked-in', '2026-07-19 21:15:57'),
('168', NULL, '62', '25', '2026-07-22', '2026-07-26', '50000.00', 'Checked-in', '2026-07-19 21:15:57'),
('169', NULL, '58', '28', '2026-07-22', '2026-07-26', '50000.00', 'Checked-in', '2026-07-19 21:15:57'),
('170', '14', '14', '31', '2026-07-22', '2026-07-26', '50000.00', 'Checked-in', '2026-07-19 21:15:57'),
('171', NULL, '51', '34', '2026-07-22', '2026-07-26', '50000.00', 'Checked-in', '2026-07-19 21:15:57'),
('172', '6', '6', '35', '2026-07-22', '2026-07-26', '50000.00', 'Checked-in', '2026-07-19 21:15:57'),
('173', '29', '29', '2', '2026-08-07', '2026-08-09', '9000.00', 'Confirmed', '2026-07-21 21:15:57'),
('174', '15', '15', '6', '2026-07-29', '2026-07-31', '9000.00', 'Confirmed', '2026-07-21 21:15:57'),
('175', NULL, '64', '10', '2026-07-28', '2026-07-31', '13500.00', 'Confirmed', '2026-07-21 21:15:57'),
('176', '35', '35', '14', '2026-08-01', '2026-08-03', '15000.00', 'Confirmed', '2026-07-21 21:15:57'),
('177', NULL, '41', '17', '2026-07-31', '2026-08-02', '15000.00', 'Confirmed', '2026-07-21 21:15:57'),
('178', NULL, '53', '21', '2026-07-30', '2026-08-02', '22500.00', 'Confirmed', '2026-07-21 21:15:57'),
('179', '2', '2', '26', '2026-08-06', '2026-08-08', '25000.00', 'Confirmed', '2026-07-21 21:15:57'),
('180', NULL, '45', '29', '2026-08-06', '2026-08-10', '50000.00', 'Confirmed', '2026-07-21 21:15:57'),
('181', '40', '40', '32', '2026-08-04', '2026-08-07', '37500.00', 'Confirmed', '2026-07-21 21:15:57'),
('182', '2', '2', '33', '2026-07-31', '2026-08-02', '25000.00', 'Confirmed', '2026-07-21 21:15:57'),
('183', '11', '11', '19', '2026-07-29', '2026-07-31', '15000.00', 'Pending', '2026-07-22 21:15:57'),
('184', '30', '30', '7', '2026-08-05', '2026-08-07', '9000.00', 'Pending', '2026-07-22 21:15:57'),
('185', '8', '8', '3', '2026-08-02', '2026-08-04', '9000.00', 'Pending', '2026-07-22 21:15:57'),
('186', '12', '12', '30', '2026-08-11', '2026-08-13', '25000.00', 'Pending', '2026-07-22 21:15:57'),
('187', '4', '4', '6', '2026-08-01', '2026-08-03', '9000.00', 'Pending', '2026-07-22 21:15:57'),
('188', '35', '35', '12', '2026-08-11', '2026-08-13', '9000.00', 'Pending', '2026-07-22 21:15:57'),
('189', '33', '33', '13', '2026-08-10', '2026-08-12', '15000.00', 'Pending', '2026-07-22 21:15:57'),
('190', '10', '10', '20', '2026-08-12', '2026-08-14', '15000.00', 'Pending', '2026-07-22 21:15:57'),
('191', NULL, '44', '29', '2026-08-12', '2026-08-14', '25000.00', 'Pending', '2026-07-22 21:15:57'),
('192', NULL, '62', '3', '2026-08-01', '2026-08-03', '9000.00', 'Pending', '2026-07-22 21:15:57'),
('193', NULL, '56', '1', '2026-08-18', '2026-08-20', '9000.00', 'Pending', '2026-07-22 21:15:57'),
('194', '1', '1', '16', '2026-08-21', '2026-08-23', '15000.00', 'Pending', '2026-07-22 21:15:57'),
('195', '19', '19', '21', '2026-08-19', '2026-08-21', '15000.00', 'Pending', '2026-07-22 21:15:57'),
('196', '18', '18', '11', '2026-08-01', '2026-08-03', '9000.00', 'Pending', '2026-07-22 21:15:57'),
('197', '12', '12', '12', '2026-08-22', '2026-08-24', '9000.00', 'Pending', '2026-07-22 21:15:57'),
('198', '30', '30', '18', '2026-08-09', '2026-08-11', '15000.00', 'Cancelled', '2026-07-06 21:15:57'),
('199', '37', '37', '9', '2026-09-08', '2026-09-10', '9000.00', 'Cancelled', '2026-06-06 21:15:57'),
('200', '20', '20', '36', '2026-09-07', '2026-09-09', '25000.00', 'Cancelled', '2026-06-07 21:15:57'),
('201', NULL, '56', '17', '2026-08-11', '2026-08-13', '15000.00', 'Cancelled', '2026-07-04 21:15:57'),
('202', '1', '1', '15', '2026-09-04', '2026-09-06', '15000.00', 'Cancelled', '2026-06-10 21:15:57'),
('203', NULL, '46', '4', '2026-08-14', '2026-08-16', '9000.00', 'Cancelled', '2026-07-01 21:15:57'),
('204', '18', '18', '35', '2026-08-12', '2026-08-14', '25000.00', 'Cancelled', '2026-07-03 21:15:57'),
('205', '32', '32', '5', '2026-08-28', '2026-08-30', '9000.00', 'Cancelled', '2026-06-17 21:15:57'),
('206', NULL, '43', '23', '2026-09-20', '2026-09-22', '15000.00', 'Cancelled', '2026-05-25 21:15:57'),
('207', '29', '29', '31', '2026-08-13', '2026-08-15', '25000.00', 'Cancelled', '2026-07-02 21:15:57'),
('208', '6', '6', '35', '2026-09-04', '2026-09-06', '25000.00', 'Cancelled', '2026-06-10 21:15:57'),
('209', NULL, '45', '7', '2026-09-07', '2026-09-09', '9000.00', 'Cancelled', '2026-06-07 21:15:57'),
('210', '37', '37', '7', '2026-09-07', '2026-09-09', '9000.00', 'Cancelled', '2026-06-07 21:15:57'),
('211', '26', '26', '17', '2026-08-17', '2026-08-19', '15000.00', 'Cancelled', '2026-06-28 21:15:57'),
('212', NULL, '42', '11', '2026-08-04', '2026-08-06', '9000.00', 'Cancelled', '2026-07-11 21:15:57');

-- Table: payments
TRUNCATE TABLE `payments`;
INSERT INTO `payments` (`payment_id`, `reservation_id`, `amount`, `payment_method`, `payment_status`, `transaction_reference`, `payment_date`) VALUES
('1', '1', '18000.00', 'Debit Card', '', 'DEB-20260220-54328', '2026-02-20 23:15:57'),
('2', '2', '22500.00', 'E-Wallet', '', 'ONL-20251025-21970', '2025-10-25 23:15:57'),
('3', '3', '13500.00', 'Debit Card', '', 'DEB-20250901-73644', '2025-09-01 23:15:57'),
('4', '4', '22500.00', 'E-Wallet', '', 'GCA-20260504-18196', '2026-05-04 23:15:57'),
('5', '5', '22500.00', 'Credit Card', '', 'CRE-20260315-84002', '2026-03-15 23:15:57'),
('6', '6', '22500.00', 'E-Wallet', '', 'GCA-20260409-58546', '2026-04-09 23:15:57'),
('7', '7', '13500.00', 'Debit Card', '', 'DEB-20251114-47180', '2025-11-14 23:15:57'),
('8', '8', '4500.00', 'Cash', '', 'CAS-20251009-98145', '2025-10-09 23:15:57'),
('9', '9', '22500.00', 'E-Wallet', '', 'GCA-20250828-61870', '2025-08-28 23:15:57'),
('10', '10', '22500.00', 'E-Wallet', '', 'ONL-20260415-49614', '2026-04-15 23:15:57'),
('11', '11', '13500.00', 'E-Wallet', '', 'ONL-20250716-11700', '2025-07-16 23:15:57'),
('12', '12', '18000.00', 'E-Wallet', '', 'ONL-20260516-32218', '2026-05-16 23:15:57'),
('13', '13', '15000.00', 'Debit Card', '', 'DEB-20260424-45254', '2026-04-24 23:15:57'),
('14', '14', '30000.00', 'E-Wallet', '', 'GCA-20260207-58019', '2026-02-07 23:15:57'),
('15', '15', '30000.00', 'Debit Card', '', 'DEB-20250917-86010', '2025-09-17 23:15:57'),
('16', '16', '15000.00', 'Credit Card', '', 'CRE-20260404-24745', '2026-04-04 23:15:57'),
('17', '17', '7500.00', 'E-Wallet', '', 'GCA-20260411-19524', '2026-04-11 23:15:57'),
('18', '18', '7500.00', 'Cash', '', 'CAS-20260104-93562', '2026-01-04 23:15:57'),
('19', '19', '7500.00', 'Bank Transfer', '', 'BAN-20250813-10422', '2025-08-13 23:15:57'),
('20', '20', '30000.00', 'Cash', '', 'CAS-20260114-50228', '2026-01-14 23:15:57'),
('21', '21', '37500.00', 'Credit Card', '', 'CRE-20251214-20033', '2025-12-14 23:15:57'),
('22', '22', '22500.00', 'Bank Transfer', '', 'BAN-20260528-63354', '2026-05-28 23:15:57'),
('23', '23', '7500.00', 'Bank Transfer', '', 'BAN-20251113-48084', '2025-11-13 23:15:57'),
('24', '24', '15000.00', 'E-Wallet', '', 'ONL-20251113-18088', '2025-11-13 23:15:57'),
('25', '25', '12500.00', 'Cash', '', 'CAS-20260216-15313', '2026-02-16 23:15:57'),
('26', '26', '62500.00', 'Debit Card', '', 'DEB-20250718-93971', '2025-07-18 23:15:57'),
('27', '27', '50000.00', 'Debit Card', '', 'DEB-20250727-41107', '2025-07-27 23:15:57'),
('28', '28', '25000.00', 'Credit Card', '', 'CRE-20260303-39029', '2026-03-03 23:15:57'),
('29', '29', '62500.00', 'Credit Card', '', 'CRE-20260421-43611', '2026-04-21 23:15:57'),
('30', '30', '50000.00', 'E-Wallet', '', 'ONL-20250804-41942', '2025-08-04 23:15:57'),
('31', '31', '62500.00', 'Credit Card', '', 'CRE-20260202-86296', '2026-02-02 23:15:57'),
('32', '32', '50000.00', 'Credit Card', '', 'CRE-20260103-73480', '2026-01-03 23:15:57'),
('33', '33', '25000.00', 'E-Wallet', '', 'GCA-20260703-98430', '2026-07-03 23:15:57'),
('34', '34', '50000.00', 'Cash', '', 'CAS-20260619-75275', '2026-06-19 23:15:57'),
('35', '35', '50000.00', 'Credit Card', '', 'CRE-20260106-76694', '2026-01-06 23:15:57'),
('36', '36', '50000.00', 'Bank Transfer', '', 'BAN-20260605-72070', '2026-06-05 23:15:57'),
('37', '37', '13500.00', 'Debit Card', '', 'DEB-20260706-80729', '2026-07-06 23:15:57'),
('38', '38', '4500.00', 'E-Wallet', '', 'ONL-20260225-14037', '2026-02-25 23:15:57'),
('39', '39', '18000.00', 'Debit Card', '', 'DEB-20260108-27931', '2026-01-08 23:15:57'),
('40', '40', '18000.00', 'Bank Transfer', '', 'BAN-20260117-41817', '2026-01-17 23:15:57'),
('41', '41', '9000.00', 'E-Wallet', '', 'ONL-20260702-57129', '2026-07-02 23:15:57'),
('42', '42', '4500.00', 'E-Wallet', '', 'ONL-20260628-67603', '2026-06-28 23:15:57'),
('43', '43', '13500.00', 'Bank Transfer', '', 'BAN-20260317-68597', '2026-03-17 23:15:57'),
('44', '44', '9000.00', 'Bank Transfer', '', 'BAN-20251218-65146', '2025-12-18 23:15:57'),
('45', '45', '22500.00', 'E-Wallet', '', 'GCA-20250825-30781', '2025-08-25 23:15:57'),
('46', '46', '18000.00', 'Debit Card', '', 'DEB-20260522-17375', '2026-05-22 23:15:57'),
('47', '47', '13500.00', 'Cash', '', 'CAS-20260322-31921', '2026-03-22 23:15:57'),
('48', '48', '4500.00', 'Debit Card', '', 'DEB-20260502-38226', '2026-05-02 23:15:57'),
('49', '49', '7500.00', 'E-Wallet', '', 'GCA-20251201-20848', '2025-12-01 23:15:57'),
('50', '50', '7500.00', 'E-Wallet', '', 'GCA-20260218-54762', '2026-02-18 23:15:57'),
('51', '51', '30000.00', 'Bank Transfer', '', 'BAN-20260120-59810', '2026-01-20 23:15:57'),
('52', '52', '15000.00', 'Credit Card', '', 'CRE-20251026-12146', '2025-10-26 23:15:57'),
('53', '53', '37500.00', 'Bank Transfer', '', 'BAN-20260508-53819', '2026-05-08 23:15:57'),
('54', '54', '15000.00', 'Cash', '', 'CAS-20260204-46900', '2026-02-04 23:15:57'),
('55', '55', '7500.00', 'Bank Transfer', '', 'BAN-20260513-10799', '2026-05-13 23:15:57'),
('56', '56', '37500.00', 'Cash', '', 'CAS-20251127-94587', '2025-11-27 23:15:57'),
('57', '57', '15000.00', 'Cash', '', 'CAS-20260516-54698', '2026-05-16 23:15:57'),
('58', '58', '37500.00', 'Cash', '', 'CAS-20251126-75865', '2025-11-26 23:15:57'),
('59', '59', '7500.00', 'Cash', '', 'CAS-20260430-59884', '2026-04-30 23:15:57'),
('60', '60', '37500.00', 'Credit Card', '', 'CRE-20260212-67068', '2026-02-12 23:15:57'),
('61', '61', '12500.00', 'E-Wallet', '', 'ONL-20251005-12797', '2025-10-05 23:15:57'),
('62', '62', '62500.00', 'E-Wallet', '', 'GCA-20260609-35694', '2026-06-09 23:15:57'),
('63', '63', '25000.00', 'E-Wallet', '', 'ONL-20250816-26207', '2025-08-16 23:15:57'),
('64', '64', '25000.00', 'Credit Card', '', 'CRE-20251218-81369', '2025-12-18 23:15:57'),
('65', '65', '37500.00', 'Bank Transfer', '', 'BAN-20250909-29543', '2025-09-09 23:15:57'),
('66', '66', '25000.00', 'Credit Card', '', 'CRE-20250726-32922', '2025-07-26 23:15:57'),
('67', '67', '50000.00', 'E-Wallet', '', 'GCA-20251223-72409', '2025-12-23 23:15:57'),
('68', '68', '37500.00', 'E-Wallet', '', 'GCA-20250820-19796', '2025-08-20 23:15:57'),
('69', '69', '37500.00', 'E-Wallet', '', 'GCA-20251111-76345', '2025-11-11 23:15:57'),
('70', '70', '37500.00', 'Credit Card', '', 'CRE-20260416-17124', '2026-04-16 23:15:57'),
('71', '71', '25000.00', 'Credit Card', '', 'CRE-20260421-62919', '2026-04-21 23:15:57'),
('72', '72', '12500.00', 'Cash', '', 'CAS-20260123-21059', '2026-01-23 23:15:57'),
('73', '73', '9000.00', 'Cash', '', 'CAS-20250809-28505', '2025-08-09 23:15:57'),
('74', '74', '13500.00', 'E-Wallet', '', 'ONL-20250718-42685', '2025-07-18 23:15:57'),
('75', '75', '13500.00', 'Cash', '', 'CAS-20251202-56131', '2025-12-02 23:15:57'),
('76', '76', '18000.00', 'Credit Card', '', 'CRE-20260210-84661', '2026-02-10 23:15:57'),
('77', '77', '22500.00', 'Credit Card', '', 'CRE-20260223-63906', '2026-02-23 23:15:57'),
('78', '78', '18000.00', 'Bank Transfer', '', 'BAN-20260330-37597', '2026-03-30 23:15:57'),
('79', '79', '9000.00', 'Credit Card', '', 'CRE-20251019-72909', '2025-10-19 23:15:57'),
('80', '80', '22500.00', 'Bank Transfer', '', 'BAN-20260110-58028', '2026-01-10 23:15:57'),
('81', '81', '18000.00', 'E-Wallet', '', 'GCA-20251101-84150', '2025-11-01 23:15:57'),
('82', '82', '9000.00', 'Debit Card', '', 'DEB-20260625-31083', '2026-06-25 23:15:57'),
('83', '83', '22500.00', 'E-Wallet', '', 'ONL-20260310-87158', '2026-03-10 23:15:57'),
('84', '84', '18000.00', 'Cash', '', 'CAS-20260224-53132', '2026-02-24 23:15:57'),
('85', '85', '30000.00', 'E-Wallet', '', 'GCA-20251001-94771', '2025-10-01 23:15:57'),
('86', '86', '15000.00', 'Debit Card', '', 'DEB-20260212-56221', '2026-02-12 23:15:57'),
('87', '87', '30000.00', 'Cash', '', 'CAS-20250817-11874', '2025-08-17 23:15:57'),
('88', '88', '30000.00', 'E-Wallet', '', 'GCA-20250731-96034', '2025-07-31 23:15:57'),
('89', '89', '37500.00', 'Bank Transfer', '', 'BAN-20251124-10954', '2025-11-24 23:15:57'),
('90', '90', '15000.00', 'Debit Card', '', 'DEB-20260311-17758', '2026-03-11 23:15:57'),
('91', '91', '30000.00', 'Debit Card', '', 'DEB-20260518-80155', '2026-05-18 23:15:57'),
('92', '92', '22500.00', 'Credit Card', '', 'CRE-20260115-89979', '2026-01-15 23:15:57'),
('93', '93', '15000.00', 'Debit Card', '', 'DEB-20250901-43828', '2025-09-01 23:15:57'),
('94', '94', '37500.00', 'E-Wallet', '', 'GCA-20251126-33409', '2025-11-26 23:15:57'),
('95', '95', '22500.00', 'Credit Card', '', 'CRE-20250918-63559', '2025-09-18 23:15:57'),
('96', '96', '7500.00', 'Bank Transfer', '', 'BAN-20251004-57626', '2025-10-04 23:15:57'),
('97', '97', '50000.00', 'Debit Card', '', 'DEB-20251214-29434', '2025-12-14 23:15:57'),
('98', '98', '12500.00', 'Debit Card', '', 'DEB-20260423-51402', '2026-04-23 23:15:57'),
('99', '99', '25000.00', 'Credit Card', '', 'CRE-20260412-30258', '2026-04-12 23:15:57'),
('100', '100', '50000.00', 'Bank Transfer', '', 'BAN-20260315-92505', '2026-03-15 23:15:57'),
('101', '101', '25000.00', 'E-Wallet', '', 'ONL-20260707-68167', '2026-07-07 23:15:57'),
('102', '102', '50000.00', 'Debit Card', '', 'DEB-20250907-86928', '2025-09-07 23:15:57'),
('103', '103', '62500.00', 'Cash', '', 'CAS-20260210-51087', '2026-02-10 23:15:57'),
('104', '104', '25000.00', 'Cash', '', 'CAS-20251017-55886', '2025-10-17 23:15:57'),
('105', '105', '62500.00', 'Debit Card', '', 'DEB-20250913-84066', '2025-09-13 23:15:57'),
('106', '106', '12500.00', 'Bank Transfer', '', 'BAN-20250917-73507', '2025-09-17 23:15:57'),
('107', '107', '50000.00', 'Credit Card', '', 'CRE-20260108-16864', '2026-01-08 23:15:57'),
('108', '108', '12500.00', 'Cash', '', 'CAS-20251228-50724', '2025-12-28 23:15:57'),
('109', '109', '18000.00', 'Bank Transfer', '', 'BAN-20250718-64751', '2025-07-18 23:15:57'),
('110', '110', '18000.00', 'Cash', '', 'CAS-20260402-89852', '2026-04-02 23:15:57'),
('111', '111', '13500.00', 'E-Wallet', '', 'ONL-20250822-30217', '2025-08-22 23:15:57'),
('112', '112', '9000.00', 'E-Wallet', '', 'GCA-20250914-40368', '2025-09-14 23:15:57'),
('113', '113', '9000.00', 'E-Wallet', '', 'GCA-20260313-79782', '2026-03-13 23:15:57'),
('114', '114', '13500.00', 'Bank Transfer', '', 'BAN-20250819-28753', '2025-08-19 23:15:57'),
('115', '115', '4500.00', 'Bank Transfer', '', 'BAN-20260420-64422', '2026-04-20 23:15:57'),
('116', '116', '22500.00', 'Bank Transfer', '', 'BAN-20250715-47706', '2025-07-15 23:15:57'),
('117', '117', '22500.00', 'Credit Card', '', 'CRE-20250915-97747', '2025-09-15 23:15:57'),
('118', '118', '9000.00', 'Debit Card', '', 'DEB-20260301-93036', '2026-03-01 23:15:57'),
('119', '119', '9000.00', 'E-Wallet', '', 'ONL-20260609-53196', '2026-06-09 23:15:57'),
('120', '120', '4500.00', 'E-Wallet', '', 'ONL-20260510-73159', '2026-05-10 23:15:57'),
('121', '121', '7500.00', 'Credit Card', '', 'CRE-20250914-30141', '2025-09-14 23:15:57'),
('122', '122', '15000.00', 'Cash', '', 'CAS-20260612-53752', '2026-06-12 23:15:57'),
('123', '123', '7500.00', 'Cash', '', 'CAS-20251210-26305', '2025-12-10 23:15:57'),
('124', '124', '7500.00', 'Debit Card', '', 'DEB-20251021-38288', '2025-10-21 23:15:57'),
('125', '125', '30000.00', 'Bank Transfer', '', 'BAN-20260510-65937', '2026-05-10 23:15:57'),
('126', '126', '37500.00', 'Credit Card', '', 'CRE-20260619-44705', '2026-06-19 23:15:57'),
('127', '127', '22500.00', 'E-Wallet', '', 'GCA-20251008-63029', '2025-10-08 23:15:57'),
('128', '128', '22500.00', 'E-Wallet', '', 'GCA-20250917-15270', '2025-09-17 23:15:57'),
('129', '129', '30000.00', 'Debit Card', '', 'DEB-20260204-79724', '2026-02-04 23:15:57'),
('130', '130', '37500.00', 'E-Wallet', '', 'GCA-20260625-92393', '2026-06-25 23:15:57'),
('131', '131', '22500.00', 'E-Wallet', '', 'ONL-20250912-99593', '2025-09-12 23:15:57'),
('132', '132', '37500.00', 'Bank Transfer', '', 'BAN-20260604-54931', '2026-06-04 23:15:57'),
('133', '133', '37500.00', 'Cash', '', 'CAS-20250808-82510', '2025-08-08 23:15:57'),
('134', '134', '25000.00', 'E-Wallet', '', 'ONL-20251123-73339', '2025-11-23 23:15:57'),
('135', '135', '62500.00', 'Credit Card', '', 'CRE-20250724-84195', '2025-07-24 23:15:57'),
('136', '136', '37500.00', 'Credit Card', '', 'CRE-20260522-90259', '2026-05-22 23:15:57'),
('137', '137', '37500.00', 'E-Wallet', '', 'ONL-20260627-50327', '2026-06-27 23:15:57'),
('138', '138', '50000.00', 'Bank Transfer', '', 'BAN-20260329-55600', '2026-03-29 23:15:57'),
('139', '139', '50000.00', 'E-Wallet', '', 'ONL-20260424-97393', '2026-04-24 23:15:57'),
('140', '140', '25000.00', 'Debit Card', '', 'DEB-20260414-77546', '2026-04-14 23:15:57'),
('141', '141', '62500.00', 'Cash', '', 'CAS-20260412-57487', '2026-04-12 23:15:57'),
('142', '142', '37500.00', 'Cash', '', 'CAS-20260317-37118', '2026-03-17 23:15:57'),
('143', '143', '12500.00', 'Debit Card', '', 'DEB-20260228-67407', '2026-02-28 23:15:57'),
('144', '144', '25000.00', 'Credit Card', '', 'CRE-20260131-36020', '2026-01-31 23:15:57'),
('145', '145', '22500.00', 'E-Wallet', '', 'GCA-20251007-88050', '2025-10-07 23:15:57'),
('146', '146', '13500.00', 'Credit Card', '', 'CRE-20251101-35104', '2025-11-01 23:15:57'),
('147', '147', '18000.00', 'Cash', '', 'CAS-20260225-65946', '2026-02-25 23:15:57'),
('148', '148', '13500.00', 'Cash', '', 'CAS-20250915-16139', '2025-09-15 23:15:57'),
('149', '149', '13500.00', 'Bank Transfer', '', 'BAN-20260419-86118', '2026-04-19 23:15:57'),
('150', '150', '13500.00', 'E-Wallet', '', 'ONL-20251207-33106', '2025-12-07 23:15:57'),
('151', '151', '13500.00', 'Bank Transfer', '', 'BAN-20260107-45827', '2026-01-07 23:15:57'),
('152', '152', '13500.00', 'Cash', '', 'CAS-20251106-21624', '2025-11-06 23:15:57'),
('153', '153', '13500.00', 'Bank Transfer', '', 'BAN-20260129-12679', '2026-01-29 23:15:57'),
('154', '154', '4500.00', 'Credit Card', '', 'CRE-20260322-97408', '2026-03-22 23:15:57'),
('155', '155', '22500.00', 'E-Wallet', '', 'GCA-20250927-57553', '2025-09-27 23:15:57'),
('156', '156', '18000.00', 'Bank Transfer', '', 'BAN-20260627-32463', '2026-06-27 23:15:57'),
('157', '157', '15000.00', 'E-Wallet', '', 'GCA-20251019-41980', '2025-10-19 23:15:57'),
('158', '158', '7500.00', 'Credit Card', '', 'CRE-20260512-62184', '2026-05-12 23:15:57'),
('159', '159', '37500.00', 'Bank Transfer', '', 'BAN-20251013-58052', '2025-10-13 23:15:57'),
('160', '160', '22500.00', 'Debit Card', '', 'DEB-20251216-15083', '2025-12-16 23:15:57'),
('161', '161', '18000.00', 'Bank Transfer', '', 'CHK-20260723-42849', '2026-07-19 22:15:57'),
('162', '162', '18000.00', 'Debit Card', '', 'CHK-20260723-38863', '2026-07-19 22:15:57'),
('163', '163', '18000.00', 'E-Wallet', '', 'CHK-20260723-64668', '2026-07-19 22:15:57'),
('164', '164', '30000.00', 'Credit Card', '', 'CHK-20260723-96732', '2026-07-19 22:15:57'),
('165', '165', '30000.00', 'Debit Card', '', 'CHK-20260723-85351', '2026-07-19 22:15:57'),
('166', '166', '30000.00', 'Debit Card', '', 'CHK-20260723-16252', '2026-07-19 22:15:57'),
('167', '167', '30000.00', 'E-Wallet', '', 'CHK-20260723-84389', '2026-07-19 22:15:57'),
('168', '168', '50000.00', 'Cash', '', 'CHK-20260723-13838', '2026-07-19 22:15:57'),
('169', '169', '50000.00', 'Credit Card', '', 'CHK-20260723-79866', '2026-07-19 22:15:57'),
('170', '170', '50000.00', 'Cash', '', 'CHK-20260723-35251', '2026-07-19 22:15:57'),
('171', '171', '50000.00', 'Debit Card', '', 'CHK-20260723-46870', '2026-07-19 22:15:57'),
('172', '172', '50000.00', 'Credit Card', '', 'CHK-20260723-70901', '2026-07-19 22:15:57'),
('173', '173', '9000.00', 'E-Wallet', 'Confirmed', 'RES-20260723-58225', '2026-07-21 21:45:57'),
('174', '174', '9000.00', 'E-Wallet', 'Confirmed', 'RES-20260723-35161', '2026-07-21 21:45:57'),
('175', '175', '13500.00', 'Bank Transfer', 'Confirmed', 'RES-20260723-39838', '2026-07-21 21:45:57'),
('176', '176', '15000.00', 'Credit Card', 'Confirmed', 'RES-20260723-44876', '2026-07-21 21:45:57'),
('177', '177', '15000.00', 'Cash', 'Confirmed', 'RES-20260723-32004', '2026-07-21 21:45:57'),
('178', '178', '22500.00', 'E-Wallet', 'Confirmed', 'RES-20260723-32219', '2026-07-21 21:45:57'),
('179', '179', '25000.00', 'E-Wallet', 'Confirmed', 'RES-20260723-58885', '2026-07-21 21:45:57'),
('180', '180', '50000.00', 'Bank Transfer', 'Confirmed', 'RES-20260723-47563', '2026-07-21 21:45:57'),
('181', '181', '37500.00', 'Debit Card', 'Confirmed', 'RES-20260723-26493', '2026-07-21 21:45:57'),
('182', '182', '25000.00', 'Debit Card', 'Confirmed', 'RES-20260723-93967', '2026-07-21 21:45:57'),
('183', '183', '15000.00', 'Cash', 'Pending', 'PND-20260723-16180', '2026-07-22 21:15:57'),
('184', '184', '9000.00', 'Credit Card', 'Pending', 'PND-20260723-59593', '2026-07-22 21:15:57'),
('185', '185', '9000.00', 'Bank Transfer', 'Pending', 'PND-20260723-54317', '2026-07-22 21:15:57'),
('186', '186', '25000.00', 'Bank Transfer', 'Pending', 'PND-20260723-22449', '2026-07-22 21:15:57'),
('187', '187', '9000.00', 'Cash', 'Pending', 'PND-20260723-70769', '2026-07-22 21:15:57'),
('188', '188', '9000.00', 'Cash', 'Pending', 'PND-20260723-24674', '2026-07-22 21:15:57'),
('189', '189', '15000.00', 'Debit Card', 'Pending', 'PND-20260723-91495', '2026-07-22 21:15:57'),
('190', '190', '15000.00', 'E-Wallet', 'Pending', 'PND-20260723-98736', '2026-07-22 21:15:57'),
('191', '191', '25000.00', 'Debit Card', 'Pending', 'PND-20260723-45261', '2026-07-22 21:15:57'),
('192', '192', '9000.00', 'E-Wallet', 'Pending', 'PND-20260723-15103', '2026-07-22 21:15:57'),
('193', '193', '9000.00', 'E-Wallet', 'Pending', 'PND-20260723-57707', '2026-07-22 21:15:57'),
('194', '194', '15000.00', 'E-Wallet', 'Pending', 'PND-20260723-58445', '2026-07-22 21:15:57'),
('195', '195', '15000.00', 'E-Wallet', 'Pending', 'PND-20260723-64250', '2026-07-22 21:15:57'),
('196', '196', '9000.00', 'E-Wallet', 'Pending', 'PND-20260723-32290', '2026-07-22 21:15:57'),
('197', '197', '9000.00', 'Cash', 'Pending', 'PND-20260723-12744', '2026-07-22 21:15:57'),
('198', '198', '15000.00', 'Credit Card', 'Refunded', 'REF-20260723-72786', '2026-07-07 21:15:57'),
('199', '199', '9000.00', 'Credit Card', 'Refunded', 'REF-20260723-51786', '2026-06-07 21:15:57'),
('200', '200', '25000.00', 'Credit Card', 'Refunded', 'REF-20260723-99987', '2026-06-08 21:15:57'),
('201', '201', '15000.00', 'Credit Card', 'Refunded', 'REF-20260723-13061', '2026-07-05 21:15:57'),
('202', '202', '15000.00', 'Credit Card', 'Refunded', 'REF-20260723-10320', '2026-06-11 21:15:57'),
('203', '203', '9000.00', 'Credit Card', 'Refunded', 'REF-20260723-51366', '2026-07-02 21:15:57'),
('204', '204', '25000.00', 'Credit Card', 'Refunded', 'REF-20260723-57098', '2026-07-04 21:15:57'),
('205', '205', '9000.00', 'Credit Card', 'Refunded', 'REF-20260723-63531', '2026-06-18 21:15:57'),
('206', '206', '15000.00', 'Credit Card', 'Refunded', 'REF-20260723-99462', '2026-05-26 21:15:57'),
('207', '207', '25000.00', 'Credit Card', 'Refunded', 'REF-20260723-80123', '2026-07-03 21:15:57'),
('208', '208', '25000.00', 'Credit Card', 'Refunded', 'REF-20260723-77499', '2026-06-11 21:15:57'),
('209', '209', '9000.00', 'Credit Card', 'Refunded', 'REF-20260723-93921', '2026-06-08 21:15:57'),
('210', '210', '9000.00', 'Credit Card', 'Refunded', 'REF-20260723-40448', '2026-06-08 21:15:57'),
('211', '211', '15000.00', 'Credit Card', 'Refunded', 'REF-20260723-47813', '2026-06-29 21:15:57'),
('212', '212', '9000.00', 'Credit Card', 'Refunded', 'REF-20260723-59912', '2026-07-12 21:15:57');

-- Table: room_reviews
TRUNCATE TABLE `room_reviews`;
INSERT INTO `room_reviews` (`review_id`, `reservation_id`, `user_id`, `room_id`, `rating`, `comment`, `created_at`) VALUES
('1', '1', '1', '1', '5', 'Sublime stay at Emperor Hotel. The smart lighting controls and high-speed Wi-Fi made our executive trip seamless.', '2026-03-06 00:00:00'),
('2', '2', '2', '2', '4', 'Very high-end facilities and spacious living area. Room service was fast and courteous.', '2025-11-08 00:00:00'),
('3', '6', '6', '6', '4', 'Great ambiance and delicious food options. Check-out was effortless.', '2026-04-28 00:00:00'),
('4', '7', '7', '7', '4', 'Wonderful experience from check-in to check-out. Very quiet, elegant, and peaceful suite.', '2025-11-30 00:00:00'),
('5', '8', '8', '8', '5', 'Best luxury hotel experience in the city! Cleanliness is 10/10.', '2025-10-21 00:00:00'),
('6', '9', '9', '9', '4', 'Great ambiance and delicious food options. Check-out was effortless.', '2025-09-13 00:00:00'),
('7', '10', '10', '10', '5', 'Beautiful view of the city skyline and extremely comfortable king bed. Will definitely book again!', '2026-04-29 00:00:00'),
('8', '11', '11', '11', '5', 'Absolute 5-star luxury! The room exceeded all our expectations. Impeccable cleanliness and ultra-responsive butler service.', '2025-07-27 00:00:00'),
('9', '12', '12', '12', '5', 'Sublime stay at Emperor Hotel. The smart lighting controls and high-speed Wi-Fi made our executive trip seamless.', '2026-06-02 00:00:00'),
('10', '13', '13', '13', '5', 'The suite layout and panoramic windows are breathtaking. Worth every peso!', '2026-05-06 00:00:00'),
('11', '14', '14', '14', '5', 'Top tier hospitality! Breakfast spread was world-class and the room amenities were top notch.', '2026-02-18 00:00:00'),
('12', '15', '15', '15', '5', 'The Emperor Presidential suite is spectacular! Unmatched elegance.', '2025-09-30 00:00:00'),
('13', '17', '17', '17', '5', 'Beautiful view of the city skyline and extremely comfortable king bed. Will definitely book again!', '2026-04-21 00:00:00'),
('14', '18', '18', '18', '5', 'Beautiful view of the city skyline and extremely comfortable king bed. Will definitely book again!', '2026-01-18 00:00:00'),
('15', '19', '19', '19', '4', 'Very high-end facilities and spacious living area. Room service was fast and courteous.', '2025-08-27 00:00:00'),
('16', '20', '20', '20', '5', 'Absolute 5-star luxury! The room exceeded all our expectations. Impeccable cleanliness and ultra-responsive butler service.', '2026-01-31 00:00:00'),
('17', '21', '21', '21', '5', 'Everything was pristine. The marble bathroom and rain shower felt like a private spa resort.', '2025-12-25 00:00:00'),
('18', '22', '22', '22', '4', 'Very high-end facilities and spacious living area. Room service was fast and courteous.', '2026-06-14 00:00:00'),
('19', '24', '24', '24', '4', 'Very high-end facilities and spacious living area. Room service was fast and courteous.', '2025-11-29 00:00:00'),
('20', '26', '26', '26', '5', 'Beautiful view of the city skyline and extremely comfortable king bed. Will definitely book again!', '2025-08-04 00:00:00'),
('21', '27', '27', '27', '5', 'Sublime stay at Emperor Hotel. The smart lighting controls and high-speed Wi-Fi made our executive trip seamless.', '2025-08-06 00:00:00'),
('22', '28', '28', '28', '5', 'The suite layout and panoramic windows are breathtaking. Worth every peso!', '2026-03-10 00:00:00'),
('23', '30', '30', '30', '5', 'Exceeded expectations! Smooth check-in process and staff went above and beyond.', '2025-08-11 00:00:00'),
('24', '32', '32', '32', '5', 'The suite layout and panoramic windows are breathtaking. Worth every peso!', '2026-01-11 00:00:00'),
('25', '33', '33', '33', '4', 'Wonderful experience from check-in to check-out. Very quiet, elegant, and peaceful suite.', '2026-07-08 00:00:00'),
('26', '34', '34', '34', '5', 'Top tier hospitality! Breakfast spread was world-class and the room amenities were top notch.', '2026-06-29 00:00:00'),
('27', '36', '36', '36', '5', 'Exceeded expectations! Smooth check-in process and staff went above and beyond.', '2026-06-16 00:00:00'),
('28', '37', '37', '1', '4', 'Great ambiance and delicious food options. Check-out was effortless.', '2026-07-14 00:00:00'),
('29', '38', '38', '2', '5', 'Exceeded expectations! Smooth check-in process and staff went above and beyond.', '2026-03-13 00:00:00'),
('30', '39', '39', '3', '5', 'Absolute 5-star luxury! The room exceeded all our expectations. Impeccable cleanliness and ultra-responsive butler service.', '2026-01-25 00:00:00'),
('31', '66', '1', '30', '5', 'Absolute 5-star luxury! The room exceeded all our expectations. Impeccable cleanliness and ultra-responsive butler service.', '2025-08-11 00:00:00'),
('32', '67', '2', '31', '4', 'Great ambiance and delicious food options. Check-out was effortless.', '2026-01-09 00:00:00'),
('33', '70', '5', '34', '5', 'Beautiful view of the city skyline and extremely comfortable king bed. Will definitely book again!', '2026-04-23 00:00:00'),
('34', '71', '6', '35', '4', 'Very high-end facilities and spacious living area. Room service was fast and courteous.', '2026-05-05 00:00:00'),
('35', '73', '8', '1', '5', 'Exceeded expectations! Smooth check-in process and staff went above and beyond.', '2025-08-15 00:00:00'),
('36', '74', '9', '2', '5', 'The suite layout and panoramic windows are breathtaking. Worth every peso!', '2025-08-01 00:00:00'),
('37', '75', '10', '3', '5', 'Best luxury hotel experience in the city! Cleanliness is 10/10.', '2025-12-13 00:00:00'),
('38', '76', '11', '4', '5', 'Everything was pristine. The marble bathroom and rain shower felt like a private spa resort.', '2026-02-23 00:00:00'),
('39', '77', '12', '5', '5', 'Best luxury hotel experience in the city! Cleanliness is 10/10.', '2026-03-12 00:00:00'),
('40', '78', '13', '6', '5', 'Top tier hospitality! Breakfast spread was world-class and the room amenities were top notch.', '2026-04-07 00:00:00'),
('41', '80', '15', '8', '5', 'The Emperor Presidential suite is spectacular! Unmatched elegance.', '2026-01-23 00:00:00'),
('42', '81', '16', '9', '5', 'Beautiful view of the city skyline and extremely comfortable king bed. Will definitely book again!', '2025-11-13 00:00:00'),
('43', '83', '18', '11', '4', 'Great ambiance and delicious food options. Check-out was effortless.', '2026-03-22 00:00:00'),
('44', '84', '19', '12', '5', 'Best luxury hotel experience in the city! Cleanliness is 10/10.', '2026-03-08 00:00:00'),
('45', '85', '20', '13', '5', 'Beautiful view of the city skyline and extremely comfortable king bed. Will definitely book again!', '2025-10-19 00:00:00'),
('46', '86', '21', '14', '5', 'Exceeded expectations! Smooth check-in process and staff went above and beyond.', '2026-03-01 00:00:00'),
('47', '87', '22', '15', '5', 'Beautiful view of the city skyline and extremely comfortable king bed. Will definitely book again!', '2025-09-05 00:00:00'),
('48', '88', '23', '16', '5', 'Absolute 5-star luxury! The room exceeded all our expectations. Impeccable cleanliness and ultra-responsive butler service.', '2025-08-14 00:00:00'),
('49', '89', '24', '17', '5', 'The Emperor Presidential suite is spectacular! Unmatched elegance.', '2025-12-07 00:00:00'),
('50', '91', '26', '19', '5', 'The suite layout and panoramic windows are breathtaking. Worth every peso!', '2026-06-03 00:00:00'),
('51', '92', '27', '20', '4', 'Very high-end facilities and spacious living area. Room service was fast and courteous.', '2026-01-27 00:00:00'),
('52', '93', '28', '21', '5', 'Top tier hospitality! Breakfast spread was world-class and the room amenities were top notch.', '2025-09-11 00:00:00'),
('53', '95', '30', '23', '5', 'The suite layout and panoramic windows are breathtaking. Worth every peso!', '2025-10-01 00:00:00'),
('54', '96', '31', '24', '4', 'Very high-end facilities and spacious living area. Room service was fast and courteous.', '2025-10-11 00:00:00'),
('55', '97', '32', '25', '4', 'Great ambiance and delicious food options. Check-out was effortless.', '2025-12-29 00:00:00'),
('56', '98', '33', '26', '5', 'Everything was pristine. The marble bathroom and rain shower felt like a private spa resort.', '2026-04-29 00:00:00'),
('57', '99', '34', '27', '4', 'Very high-end facilities and spacious living area. Room service was fast and courteous.', '2026-04-20 00:00:00'),
('58', '100', '35', '28', '5', 'Beautiful view of the city skyline and extremely comfortable king bed. Will definitely book again!', '2026-03-28 00:00:00'),
('59', '101', '36', '29', '5', 'Everything was pristine. The marble bathroom and rain shower felt like a private spa resort.', '2026-07-15 00:00:00'),
('60', '103', '38', '31', '4', 'Very high-end facilities and spacious living area. Room service was fast and courteous.', '2026-02-25 00:00:00'),
('61', '104', '39', '32', '4', 'Great ambiance and delicious food options. Check-out was effortless.', '2025-11-03 00:00:00'),
('62', '105', '40', '33', '5', 'Beautiful view of the city skyline and extremely comfortable king bed. Will definitely book again!', '2025-09-25 00:00:00'),
('63', '131', '1', '23', '5', 'Exceeded expectations! Smooth check-in process and staff went above and beyond.', '2025-09-22 00:00:00'),
('64', '132', '2', '24', '5', 'Exceeded expectations! Smooth check-in process and staff went above and beyond.', '2026-06-20 00:00:00'),
('65', '133', '3', '25', '5', 'Sublime stay at Emperor Hotel. The smart lighting controls and high-speed Wi-Fi made our executive trip seamless.', '2025-08-18 00:00:00'),
('66', '134', '4', '26', '5', 'Absolute 5-star luxury! The room exceeded all our expectations. Impeccable cleanliness and ultra-responsive butler service.', '2025-12-04 00:00:00'),
('67', '135', '5', '27', '4', 'Very high-end facilities and spacious living area. Room service was fast and courteous.', '2025-08-09 00:00:00'),
('68', '136', '6', '28', '4', 'Wonderful experience from check-in to check-out. Very quiet, elegant, and peaceful suite.', '2026-06-03 00:00:00'),
('69', '137', '7', '29', '4', 'Great ambiance and delicious food options. Check-out was effortless.', '2026-07-06 00:00:00'),
('70', '138', '8', '30', '5', 'Exceeded expectations! Smooth check-in process and staff went above and beyond.', '2026-04-06 00:00:00'),
('71', '139', '9', '31', '5', 'Absolute 5-star luxury! The room exceeded all our expectations. Impeccable cleanliness and ultra-responsive butler service.', '2026-05-12 00:00:00'),
('72', '140', '10', '32', '4', 'Wonderful experience from check-in to check-out. Very quiet, elegant, and peaceful suite.', '2026-04-25 00:00:00'),
('73', '141', '11', '33', '5', 'Sublime stay at Emperor Hotel. The smart lighting controls and high-speed Wi-Fi made our executive trip seamless.', '2026-04-22 00:00:00'),
('74', '143', '13', '35', '5', 'Sublime stay at Emperor Hotel. The smart lighting controls and high-speed Wi-Fi made our executive trip seamless.', '2026-03-09 00:00:00'),
('75', '144', '14', '36', '5', 'Absolute 5-star luxury! The room exceeded all our expectations. Impeccable cleanliness and ultra-responsive butler service.', '2026-02-16 00:00:00'),
('76', '146', '16', '2', '5', 'Top tier hospitality! Breakfast spread was world-class and the room amenities were top notch.', '2025-11-13 00:00:00'),
('77', '148', '18', '4', '5', 'Beautiful view of the city skyline and extremely comfortable king bed. Will definitely book again!', '2025-09-28 00:00:00'),
('78', '151', '21', '7', '5', 'Top tier hospitality! Breakfast spread was world-class and the room amenities were top notch.', '2026-01-20 00:00:00'),
('79', '154', '24', '10', '4', 'Very high-end facilities and spacious living area. Room service was fast and courteous.', '2026-03-29 00:00:00'),
('80', '155', '25', '11', '4', 'Very high-end facilities and spacious living area. Room service was fast and courteous.', '2025-10-08 00:00:00'),
('81', '156', '26', '12', '5', 'Absolute 5-star luxury! The room exceeded all our expectations. Impeccable cleanliness and ultra-responsive butler service.', '2026-07-06 00:00:00'),
('82', '158', '28', '14', '4', 'Very high-end facilities and spacious living area. Room service was fast and courteous.', '2026-05-18 00:00:00'),
('83', '159', '29', '15', '5', 'Sublime stay at Emperor Hotel. The smart lighting controls and high-speed Wi-Fi made our executive trip seamless.', '2025-10-31 00:00:00'),
('84', '160', '30', '16', '5', 'Top tier hospitality! Breakfast spread was world-class and the room amenities were top notch.', '2025-12-29 00:00:00');

SET FOREIGN_KEY_CHECKS = 1;
