-- Emperor Hotel Database Seed Data Dump
-- Generated on: 2026-07-23 21:09:07
USE emperors_hotel_db;

SET FOREIGN_KEY_CHECKS = 0;

-- Table: users
TRUNCATE TABLE `users`;
INSERT INTO `users` (`user_id`, `full_name`, `email`, `password_hash`, `role`, `created_at`, `email_verified`, `otp_code`, `otp_expires_at`, `reset_token`) VALUES
('1', 'Jeffrey U. Pantaleon Jr.', 'jayjaypantaleon@gmail.com', '$2y$10$5Na6NSPU3I8jhWN2en17muWn/y6GeKG07fukaAyVz2kwBim1wKqSS', 'admin', '2026-07-23 21:08:31', '1', NULL, NULL, NULL),
('2', 'Wizard Of Xerox', 'wizardofxerox@gmail.com', '$2y$10$gS//RNUh1.8kxCQx7vZWzOYEls78TWQDy0Lr/QEt9.zDP09KmSOSW', 'user', '2026-07-23 21:08:31', '1', NULL, NULL, NULL),
('3', 'Vincent Gabriel', 'vincent@gmail.com', '$2y$10$gS//RNUh1.8kxCQx7vZWzOYEls78TWQDy0Lr/QEt9.zDP09KmSOSW', 'user', '2026-07-23 21:08:31', '1', NULL, NULL, NULL),
('4', 'Lore Mae Reyes', 'lore@gmail.com', '$2y$10$gS//RNUh1.8kxCQx7vZWzOYEls78TWQDy0Lr/QEt9.zDP09KmSOSW', 'user', '2026-07-23 21:08:31', '1', NULL, NULL, NULL),
('5', 'Maria Santos', 'maria.santos@gmail.com', '$2y$10$gS//RNUh1.8kxCQx7vZWzOYEls78TWQDy0Lr/QEt9.zDP09KmSOSW', 'user', '2026-07-23 21:08:31', '1', NULL, NULL, NULL),
('6', 'Juan Dela Cruz', 'juan.delacruz@gmail.com', '$2y$10$gS//RNUh1.8kxCQx7vZWzOYEls78TWQDy0Lr/QEt9.zDP09KmSOSW', 'user', '2026-07-23 21:08:31', '1', NULL, NULL, NULL),
('7', 'Alexander Reyes', 'alex.reyes@gmail.com', '$2y$10$gS//RNUh1.8kxCQx7vZWzOYEls78TWQDy0Lr/QEt9.zDP09KmSOSW', 'user', '2026-07-23 21:08:31', '1', NULL, NULL, NULL),
('8', 'Sarah Tan', 'sarah.tan@gmail.com', '$2y$10$gS//RNUh1.8kxCQx7vZWzOYEls78TWQDy0Lr/QEt9.zDP09KmSOSW', 'user', '2026-07-23 21:08:31', '1', NULL, NULL, NULL),
('9', 'David Lim', 'david.lim@gmail.com', '$2y$10$gS//RNUh1.8kxCQx7vZWzOYEls78TWQDy0Lr/QEt9.zDP09KmSOSW', 'user', '2026-07-23 21:08:31', '1', NULL, NULL, NULL),
('10', 'Carmen Aquino', 'carmen.aquino@gmail.com', '$2y$10$gS//RNUh1.8kxCQx7vZWzOYEls78TWQDy0Lr/QEt9.zDP09KmSOSW', 'user', '2026-07-23 21:08:31', '1', NULL, NULL, NULL),
('11', 'Marco Villa', 'marco.villa@gmail.com', '$2y$10$gS//RNUh1.8kxCQx7vZWzOYEls78TWQDy0Lr/QEt9.zDP09KmSOSW', 'user', '2026-07-23 21:08:31', '1', NULL, NULL, NULL),
('12', 'Elena Gomez', 'elena.gomez@gmail.com', '$2y$10$gS//RNUh1.8kxCQx7vZWzOYEls78TWQDy0Lr/QEt9.zDP09KmSOSW', 'user', '2026-07-23 21:08:31', '1', NULL, NULL, NULL),
('13', 'Robert Chen', 'robert.chen@gmail.com', '$2y$10$gS//RNUh1.8kxCQx7vZWzOYEls78TWQDy0Lr/QEt9.zDP09KmSOSW', 'user', '2026-07-23 21:08:31', '1', NULL, NULL, NULL),
('14', 'Patricia Flores', 'patricia.flores@gmail.com', '$2y$10$gS//RNUh1.8kxCQx7vZWzOYEls78TWQDy0Lr/QEt9.zDP09KmSOSW', 'user', '2026-07-23 21:08:31', '1', NULL, NULL, NULL),
('15', 'Michael Sy', 'michael.sy@gmail.com', '$2y$10$gS//RNUh1.8kxCQx7vZWzOYEls78TWQDy0Lr/QEt9.zDP09KmSOSW', 'user', '2026-07-23 21:08:31', '1', NULL, NULL, NULL),
('16', 'Jennifer Ramos', 'jennifer.ramos@gmail.com', '$2y$10$gS//RNUh1.8kxCQx7vZWzOYEls78TWQDy0Lr/QEt9.zDP09KmSOSW', 'user', '2026-07-23 21:08:31', '1', NULL, NULL, NULL),
('17', 'Richard Mendoza', 'richard.mendoza@gmail.com', '$2y$10$gS//RNUh1.8kxCQx7vZWzOYEls78TWQDy0Lr/QEt9.zDP09KmSOSW', 'user', '2026-07-23 21:08:31', '1', NULL, NULL, NULL),
('18', 'Emily Cruz', 'emily.cruz@gmail.com', '$2y$10$gS//RNUh1.8kxCQx7vZWzOYEls78TWQDy0Lr/QEt9.zDP09KmSOSW', 'user', '2026-07-23 21:08:31', '1', NULL, NULL, NULL),
('19', 'Daniel Torres', 'daniel.torres@gmail.com', '$2y$10$gS//RNUh1.8kxCQx7vZWzOYEls78TWQDy0Lr/QEt9.zDP09KmSOSW', 'user', '2026-07-23 21:08:31', '1', NULL, NULL, NULL),
('20', 'Stephanie Bautista', 'stephanie.bautista@gmail.com', '$2y$10$gS//RNUh1.8kxCQx7vZWzOYEls78TWQDy0Lr/QEt9.zDP09KmSOSW', 'user', '2026-07-23 21:08:31', '1', NULL, NULL, NULL),
('21', 'Christopher Santiago', 'christopher.santiago@gmail.com', '$2y$10$gS//RNUh1.8kxCQx7vZWzOYEls78TWQDy0Lr/QEt9.zDP09KmSOSW', 'user', '2026-07-23 21:08:31', '1', NULL, NULL, NULL),
('22', 'Amanda Castillo', 'amanda.castillo@gmail.com', '$2y$10$gS//RNUh1.8kxCQx7vZWzOYEls78TWQDy0Lr/QEt9.zDP09KmSOSW', 'user', '2026-07-23 21:08:31', '1', NULL, NULL, NULL),
('23', 'James Navarro', 'james.navarro@gmail.com', '$2y$10$gS//RNUh1.8kxCQx7vZWzOYEls78TWQDy0Lr/QEt9.zDP09KmSOSW', 'user', '2026-07-23 21:08:31', '1', NULL, NULL, NULL),
('24', 'Elizabeth Villanueva', 'elizabeth.villanueva@gmail.com', '$2y$10$gS//RNUh1.8kxCQx7vZWzOYEls78TWQDy0Lr/QEt9.zDP09KmSOSW', 'user', '2026-07-23 21:08:31', '1', NULL, NULL, NULL),
('25', 'Anthony Garcia', 'anthony.garcia@gmail.com', '$2y$10$gS//RNUh1.8kxCQx7vZWzOYEls78TWQDy0Lr/QEt9.zDP09KmSOSW', 'user', '2026-07-23 21:08:31', '1', NULL, NULL, NULL),
('26', 'Hannah Diaz', 'hannah.diaz@gmail.com', '$2y$10$gS//RNUh1.8kxCQx7vZWzOYEls78TWQDy0Lr/QEt9.zDP09KmSOSW', 'user', '2026-07-23 21:08:31', '1', NULL, NULL, NULL),
('27', 'Jason Valdez', 'jason.valdez@gmail.com', '$2y$10$gS//RNUh1.8kxCQx7vZWzOYEls78TWQDy0Lr/QEt9.zDP09KmSOSW', 'user', '2026-07-23 21:08:31', '1', NULL, NULL, NULL),
('28', 'Rachel Salazar', 'rachel.salazar@gmail.com', '$2y$10$gS//RNUh1.8kxCQx7vZWzOYEls78TWQDy0Lr/QEt9.zDP09KmSOSW', 'user', '2026-07-23 21:08:31', '1', NULL, NULL, NULL),
('29', 'Brian Soriano', 'brian.soriano@gmail.com', '$2y$10$gS//RNUh1.8kxCQx7vZWzOYEls78TWQDy0Lr/QEt9.zDP09KmSOSW', 'user', '2026-07-23 21:08:31', '1', NULL, NULL, NULL),
('30', 'Megan Delos Reyes', 'megan.delosreyes@gmail.com', '$2y$10$gS//RNUh1.8kxCQx7vZWzOYEls78TWQDy0Lr/QEt9.zDP09KmSOSW', 'user', '2026-07-23 21:08:31', '1', NULL, NULL, NULL);

-- Table: guests
TRUNCATE TABLE `guests`;
INSERT INTO `guests` (`guest_id`, `user_id`, `first_name`, `last_name`, `phone`, `email`, `created_at`) VALUES
('1', '1', 'Jeffrey', 'Jr.', '09178788523', 'jayjaypantaleon@gmail.com', '2026-07-23 21:08:31'),
('2', '2', 'Wizard', 'Xerox', '09181039674', 'wizardofxerox@gmail.com', '2026-07-23 21:08:31'),
('3', '3', 'Vincent', 'Gabriel', '09286507317', 'vincent@gmail.com', '2026-07-23 21:08:31'),
('4', '4', 'Lore', 'Reyes', '09086719564', 'lore@gmail.com', '2026-07-23 21:08:31'),
('5', '5', 'Maria', 'Santos', '09773367534', 'maria.santos@gmail.com', '2026-07-23 21:08:31'),
('6', '6', 'Juan', 'Cruz', '09566432255', 'juan.delacruz@gmail.com', '2026-07-23 21:08:31'),
('7', '7', 'Alexander', 'Reyes', '09988475415', 'alex.reyes@gmail.com', '2026-07-23 21:08:31'),
('8', '8', 'Sarah', 'Tan', '09175168973', 'sarah.tan@gmail.com', '2026-07-23 21:08:31'),
('9', '9', 'David', 'Lim', '09187456913', 'david.lim@gmail.com', '2026-07-23 21:08:31'),
('10', '10', 'Carmen', 'Aquino', '09286867056', 'carmen.aquino@gmail.com', '2026-07-23 21:08:31'),
('11', '11', 'Marco', 'Villa', '09082477814', 'marco.villa@gmail.com', '2026-07-23 21:08:31'),
('12', '12', 'Elena', 'Gomez', '09779991596', 'elena.gomez@gmail.com', '2026-07-23 21:08:31'),
('13', '13', 'Robert', 'Chen', '09568214242', 'robert.chen@gmail.com', '2026-07-23 21:08:31'),
('14', '14', 'Patricia', 'Flores', '09981581240', 'patricia.flores@gmail.com', '2026-07-23 21:08:31'),
('15', '15', 'Michael', 'Sy', '09176087681', 'michael.sy@gmail.com', '2026-07-23 21:08:31'),
('16', '16', 'Jennifer', 'Ramos', '09185351323', 'jennifer.ramos@gmail.com', '2026-07-23 21:08:31'),
('17', '17', 'Richard', 'Mendoza', '09288329964', 'richard.mendoza@gmail.com', '2026-07-23 21:08:31'),
('18', '18', 'Emily', 'Cruz', '09081001925', 'emily.cruz@gmail.com', '2026-07-23 21:08:31'),
('19', '19', 'Daniel', 'Torres', '09779841405', 'daniel.torres@gmail.com', '2026-07-23 21:08:31'),
('20', '20', 'Stephanie', 'Bautista', '09562006013', 'stephanie.bautista@gmail.com', '2026-07-23 21:08:31'),
('21', '21', 'Christopher', 'Santiago', '09982943962', 'christopher.santiago@gmail.com', '2026-07-23 21:08:31'),
('22', '22', 'Amanda', 'Castillo', '09179082731', 'amanda.castillo@gmail.com', '2026-07-23 21:08:31'),
('23', '23', 'James', 'Navarro', '09181857026', 'james.navarro@gmail.com', '2026-07-23 21:08:31'),
('24', '24', 'Elizabeth', 'Villanueva', '09288780318', 'elizabeth.villanueva@gmail.com', '2026-07-23 21:08:31'),
('25', '25', 'Anthony', 'Garcia', '09089599494', 'anthony.garcia@gmail.com', '2026-07-23 21:08:31'),
('26', '26', 'Hannah', 'Diaz', '09779662982', 'hannah.diaz@gmail.com', '2026-07-23 21:08:31'),
('27', '27', 'Jason', 'Valdez', '09562654335', 'jason.valdez@gmail.com', '2026-07-23 21:08:31'),
('28', '28', 'Rachel', 'Salazar', '09989995253', 'rachel.salazar@gmail.com', '2026-07-23 21:08:31'),
('29', '29', 'Brian', 'Soriano', '09175807927', 'brian.soriano@gmail.com', '2026-07-23 21:08:31'),
('30', '30', 'Megan', 'Reyes', '09183358694', 'megan.delosreyes@gmail.com', '2026-07-23 21:08:31'),
('31', NULL, 'Gabriel', 'Alvarez', '09172508783', 'gabriel.alvarez@yahoo.com', '2026-07-23 21:08:31'),
('32', NULL, 'Sophia', 'Morales', '09182634250', 'sophia.morales@yahoo.com', '2026-07-23 21:08:31'),
('33', NULL, 'Justin', 'Enriquez', '09283683457', 'justin.enriquez@yahoo.com', '2026-07-23 21:08:31'),
('34', NULL, 'Isabella', 'Pineda', '09085535597', 'isabella.pineda@yahoo.com', '2026-07-23 21:08:31'),
('35', NULL, 'Kenneth', 'Ocampo', '09774638359', 'kenneth.ocampo@yahoo.com', '2026-07-23 21:08:31'),
('36', NULL, 'Victoria', 'Dizon', '09563621114', 'victoria.dizon@yahoo.com', '2026-07-23 21:08:31'),
('37', NULL, 'Christian', 'Aguilar', '09985535890', 'christian.aguilar@yahoo.com', '2026-07-23 21:08:31'),
('38', NULL, 'Samantha', 'Vergara', '09178058034', 'samantha.vergara@yahoo.com', '2026-07-23 21:08:31'),
('39', NULL, 'Raymond', 'Pascual', '09182460648', 'raymond.pascual@yahoo.com', '2026-07-23 21:08:31'),
('40', NULL, 'Veronica', 'Tolentino', '09285442380', 'veronica.tolentino@yahoo.com', '2026-07-23 21:08:31'),
('41', NULL, 'Nathaniel', 'Bermudez', '09082320911', 'nathaniel.bermudez@yahoo.com', '2026-07-23 21:08:31'),
('42', NULL, 'Chloe', 'David', '09771549725', 'chloe.david@yahoo.com', '2026-07-23 21:08:31'),
('43', NULL, 'Julian', 'Corpus', '09568292138', 'julian.corpus@yahoo.com', '2026-07-23 21:08:31'),
('44', NULL, 'Camilla', 'Serrano', '09988064776', 'camilla.serrano@yahoo.com', '2026-07-23 21:08:31'),
('45', NULL, 'Ethan', 'Zamora', '09178372774', 'ethan.zamora@yahoo.com', '2026-07-23 21:08:31');

-- Table: rooms
TRUNCATE TABLE `rooms`;
INSERT INTO `rooms` (`room_id`, `room_number`, `room_type`, `floor`, `price_per_night`, `status`, `created_at`, `bed_type`, `max_capacity`, `view_type`) VALUES
('1', '101', 'Imperial Deluxe', '1', '4500.00', 'Occupied', '2026-05-26 16:03:59', 'Queen Bed', '2', 'City Skyline View'),
('2', '102', 'Imperial Deluxe', '1', '4500.00', 'Reserved', '2026-05-26 16:03:59', 'Queen Bed', '2', 'City Skyline View'),
('3', '103', 'Imperial Deluxe', '1', '4500.00', 'Cleaning', '2026-05-26 16:03:59', 'Queen Bed', '2', 'City Skyline View'),
('4', '104', 'Imperial Deluxe', '1', '4500.00', 'Available', '2026-05-26 16:03:59', 'Queen Bed', '2', 'City Skyline View'),
('5', '105', 'Imperial Deluxe', '1', '4500.00', 'Occupied', '2026-05-26 16:03:59', 'Queen Bed', '2', 'City Skyline View'),
('6', '106', 'Imperial Deluxe', '1', '4500.00', 'Reserved', '2026-05-26 16:03:59', 'Queen Bed', '2', 'City Skyline View'),
('7', '107', 'Imperial Deluxe', '1', '4500.00', 'Available', '2026-05-26 16:03:59', 'Queen Bed', '2', 'City Skyline View'),
('8', '108', 'Imperial Deluxe', '1', '4500.00', 'Available', '2026-05-26 16:03:59', 'Queen Bed', '2', 'City Skyline View'),
('9', '109', 'Imperial Deluxe', '1', '4500.00', 'Available', '2026-05-26 16:03:59', 'Queen Bed', '2', 'City Skyline View'),
('10', '110', 'Imperial Deluxe', '1', '4500.00', 'Available', '2026-05-26 16:03:59', 'Queen Bed', '2', 'City Skyline View'),
('11', '111', 'Imperial Deluxe', '1', '4500.00', 'Available', '2026-05-26 16:03:59', 'Queen Bed', '2', 'City Skyline View'),
('12', '112', 'Imperial Deluxe', '1', '4500.00', 'Available', '2026-05-26 16:03:59', 'Queen Bed', '2', 'City Skyline View'),
('13', '201', 'Royal Executive', '2', '7500.00', 'Occupied', '2026-05-26 16:03:59', 'King Bed', '4', 'Garden Terrace View'),
('14', '202', 'Royal Executive', '2', '7500.00', 'Reserved', '2026-05-26 16:03:59', 'King Bed', '4', 'Garden Terrace View'),
('15', '203', 'Royal Executive', '2', '7500.00', 'Cleaning', '2026-05-26 16:03:59', 'King Bed', '4', 'Garden Terrace View'),
('16', '204', 'Royal Executive', '2', '7500.00', 'Occupied', '2026-05-26 16:03:59', 'King Bed', '4', 'Garden Terrace View'),
('17', '205', 'Royal Executive', '2', '7500.00', 'Available', '2026-05-26 16:03:59', 'King Bed', '4', 'Garden Terrace View'),
('18', '206', 'Royal Executive', '2', '7500.00', 'Reserved', '2026-05-26 16:03:59', 'King Bed', '4', 'Garden Terrace View'),
('19', '207', 'Royal Executive', '2', '7500.00', 'Available', '2026-05-26 16:03:59', 'King Bed', '4', 'Garden Terrace View'),
('20', '208', 'Royal Executive', '2', '7500.00', 'Available', '2026-05-26 16:03:59', 'King Bed', '4', 'Garden Terrace View'),
('21', '209', 'Royal Executive', '2', '7500.00', 'Available', '2026-05-26 16:03:59', 'King Bed', '4', 'Garden Terrace View'),
('22', '210', 'Royal Executive', '2', '7500.00', 'Available', '2026-05-26 16:03:59', 'King Bed', '4', 'Garden Terrace View'),
('23', '211', 'Royal Executive', '2', '7500.00', 'Available', '2026-05-26 16:03:59', 'King Bed', '4', 'Garden Terrace View'),
('24', '212', 'Royal Executive', '2', '7500.00', 'Available', '2026-05-26 16:03:59', 'King Bed', '4', 'Garden Terrace View'),
('25', '301', 'Emperor Presidential', '3', '12500.00', 'Occupied', '2026-05-26 16:03:59', 'Super King Master Suite', '6', 'Panoramic Ocean View'),
('26', '302', 'Emperor Presidential', '3', '12500.00', 'Reserved', '2026-05-26 16:03:59', 'Super King Master Suite', '6', 'Panoramic Ocean View'),
('27', '303', 'Emperor Presidential', '3', '12500.00', 'Reserved', '2026-05-26 16:03:59', 'Super King Master Suite', '6', 'Panoramic Ocean View'),
('28', '304', 'Emperor Presidential', '3', '12500.00', 'Available', '2026-05-26 16:03:59', 'Super King Master Suite', '6', 'Panoramic Ocean View'),
('29', '305', 'Emperor Presidential', '3', '12500.00', 'Occupied', '2026-05-26 16:03:59', 'Super King Master Suite', '6', 'Panoramic Ocean View'),
('30', '306', 'Emperor Presidential', '3', '12500.00', 'Reserved', '2026-05-26 16:03:59', 'Super King Master Suite', '6', 'Panoramic Ocean View'),
('31', '307', 'Emperor Presidential', '3', '12500.00', 'Available', '2026-05-26 16:03:59', 'Super King Master Suite', '6', 'Panoramic Ocean View'),
('32', '308', 'Emperor Presidential', '3', '12500.00', 'Available', '2026-05-26 16:03:59', 'Super King Master Suite', '6', 'Panoramic Ocean View'),
('33', '309', 'Emperor Presidential', '3', '12500.00', 'Available', '2026-05-26 16:03:59', 'Super King Master Suite', '6', 'Panoramic Ocean View'),
('34', '310', 'Emperor Presidential', '3', '12500.00', 'Available', '2026-05-26 16:03:59', 'Super King Master Suite', '6', 'Panoramic Ocean View'),
('35', '311', 'Emperor Presidential', '3', '12500.00', 'Available', '2026-05-26 16:03:59', 'Super King Master Suite', '6', 'Panoramic Ocean View'),
('36', '312', 'Emperor Presidential', '3', '12500.00', 'Maintenance', '2026-05-26 16:03:59', 'Super King Master Suite', '6', 'Panoramic Ocean View');

-- Table: reservations
TRUNCATE TABLE `reservations`;
INSERT INTO `reservations` (`reservation_id`, `user_id`, `guest_id`, `room_id`, `check_in`, `check_out`, `total_amount`, `status`, `created_at`) VALUES
('1', '2', '2', '1', '2026-05-10', '2026-05-14', '18000.00', 'Checked-out', '2026-05-05 21:08:31'),
('2', '3', '3', '2', '2026-06-18', '2026-06-20', '9000.00', 'Checked-out', '2026-06-13 21:08:31'),
('3', '4', '4', '3', '2026-05-18', '2026-05-19', '4500.00', 'Checked-out', '2026-05-13 21:08:31'),
('4', '5', '5', '4', '2026-04-11', '2026-04-14', '13500.00', 'Checked-out', '2026-04-06 21:08:31'),
('5', '6', '6', '5', '2026-04-20', '2026-04-24', '18000.00', 'Checked-out', '2026-04-15 21:08:31'),
('6', '7', '7', '6', '2026-04-12', '2026-04-16', '18000.00', 'Checked-out', '2026-04-07 21:08:31'),
('7', '8', '8', '7', '2026-05-29', '2026-05-30', '4500.00', 'Checked-out', '2026-05-24 21:08:31'),
('8', '9', '9', '8', '2026-06-13', '2026-06-17', '18000.00', 'Checked-out', '2026-06-08 21:08:31'),
('9', '10', '10', '9', '2026-06-03', '2026-06-07', '18000.00', 'Checked-out', '2026-05-29 21:08:31'),
('10', '11', '11', '10', '2026-05-23', '2026-05-27', '18000.00', 'Checked-out', '2026-05-18 21:08:31'),
('11', '12', '12', '11', '2026-05-16', '2026-05-18', '9000.00', 'Checked-out', '2026-05-11 21:08:31'),
('12', '13', '13', '12', '2026-04-20', '2026-04-21', '4500.00', 'Checked-out', '2026-04-15 21:08:31'),
('13', '14', '14', '13', '2026-05-30', '2026-05-31', '7500.00', 'Checked-out', '2026-05-25 21:08:31'),
('14', '15', '15', '14', '2026-05-05', '2026-05-08', '22500.00', 'Checked-out', '2026-04-30 21:08:31'),
('15', '16', '16', '15', '2026-06-22', '2026-06-26', '30000.00', 'Checked-out', '2026-06-17 21:08:31'),
('16', '17', '17', '16', '2026-06-20', '2026-06-23', '22500.00', 'Checked-out', '2026-06-15 21:08:31'),
('17', '18', '18', '17', '2026-05-04', '2026-05-07', '22500.00', 'Checked-out', '2026-04-29 21:08:31'),
('18', '19', '19', '18', '2026-07-04', '2026-07-06', '15000.00', 'Checked-out', '2026-06-29 21:08:31'),
('19', '20', '20', '19', '2026-05-16', '2026-05-18', '15000.00', 'Checked-out', '2026-05-11 21:08:31'),
('20', '21', '21', '20', '2026-05-20', '2026-05-24', '30000.00', 'Checked-out', '2026-05-15 21:08:31'),
('21', '22', '22', '21', '2026-04-16', '2026-04-17', '7500.00', 'Checked-out', '2026-04-11 21:08:31'),
('22', '23', '23', '22', '2026-05-13', '2026-05-16', '22500.00', 'Checked-out', '2026-05-08 21:08:31'),
('23', '24', '24', '23', '2026-06-06', '2026-06-10', '30000.00', 'Checked-out', '2026-06-01 21:08:31'),
('24', '25', '25', '24', '2026-06-29', '2026-07-03', '30000.00', 'Checked-out', '2026-06-24 21:08:31'),
('25', '26', '26', '25', '2026-04-23', '2026-04-24', '12500.00', 'Checked-out', '2026-04-18 21:08:31'),
('26', '27', '27', '26', '2026-04-28', '2026-05-02', '50000.00', 'Checked-out', '2026-04-23 21:08:31'),
('27', '28', '28', '27', '2026-05-01', '2026-05-02', '12500.00', 'Checked-out', '2026-04-26 21:08:31'),
('28', '29', '29', '28', '2026-05-11', '2026-05-12', '12500.00', 'Checked-out', '2026-05-06 21:08:31'),
('29', '30', '30', '29', '2026-05-05', '2026-05-06', '12500.00', 'Checked-out', '2026-04-30 21:08:31'),
('30', NULL, '31', '30', '2026-05-27', '2026-05-28', '12500.00', 'Checked-out', '2026-05-22 21:08:31'),
('31', NULL, '32', '31', '2026-06-26', '2026-06-30', '50000.00', 'Checked-out', '2026-06-21 21:08:31'),
('32', NULL, '33', '32', '2026-05-01', '2026-05-03', '25000.00', 'Checked-out', '2026-04-26 21:08:31'),
('33', NULL, '34', '33', '2026-06-04', '2026-06-07', '37500.00', 'Checked-out', '2026-05-30 21:08:31'),
('34', NULL, '35', '34', '2026-07-13', '2026-07-14', '12500.00', 'Checked-out', '2026-07-08 21:08:31'),
('35', NULL, '36', '35', '2026-05-14', '2026-05-17', '37500.00', 'Checked-out', '2026-05-09 21:08:31'),
('36', NULL, '37', '36', '2026-06-19', '2026-06-21', '25000.00', 'Checked-out', '2026-06-14 21:08:31'),
('37', NULL, '38', '1', '2026-05-13', '2026-05-16', '13500.00', 'Checked-out', '2026-05-08 21:08:31'),
('38', NULL, '39', '2', '2026-05-28', '2026-06-01', '18000.00', 'Checked-out', '2026-05-23 21:08:31'),
('39', NULL, '40', '3', '2026-06-26', '2026-06-30', '18000.00', 'Checked-out', '2026-06-21 21:08:31'),
('40', NULL, '41', '4', '2026-07-07', '2026-07-08', '4500.00', 'Checked-out', '2026-07-02 21:08:31'),
('41', '29', '29', '1', '2026-07-22', '2026-07-25', '13500.00', 'Checked-in', '2026-07-20 21:08:31'),
('42', '21', '21', '5', '2026-07-22', '2026-07-25', '13500.00', 'Checked-in', '2026-07-20 21:08:31'),
('43', NULL, '35', '13', '2026-07-22', '2026-07-25', '22500.00', 'Checked-in', '2026-07-20 21:08:31'),
('44', NULL, '33', '16', '2026-07-22', '2026-07-25', '22500.00', 'Checked-in', '2026-07-20 21:08:31'),
('45', '22', '22', '25', '2026-07-22', '2026-07-25', '37500.00', 'Checked-in', '2026-07-20 21:08:31'),
('46', '21', '21', '29', '2026-07-22', '2026-07-25', '37500.00', 'Checked-in', '2026-07-20 21:08:31'),
('47', '28', '28', '2', '2026-08-02', '2026-08-04', '9000.00', 'Confirmed', '2026-07-22 21:08:31'),
('48', '2', '2', '6', '2026-08-11', '2026-08-13', '9000.00', 'Confirmed', '2026-07-22 21:08:31'),
('49', '14', '14', '14', '2026-08-02', '2026-08-04', '15000.00', 'Confirmed', '2026-07-22 21:08:31'),
('50', '18', '18', '18', '2026-07-30', '2026-08-01', '15000.00', 'Confirmed', '2026-07-22 21:08:31'),
('51', NULL, '41', '26', '2026-08-11', '2026-08-13', '25000.00', 'Confirmed', '2026-07-22 21:08:31'),
('52', '19', '19', '30', '2026-07-30', '2026-08-01', '25000.00', 'Confirmed', '2026-07-22 21:08:31');

-- Table: payments
TRUNCATE TABLE `payments`;
INSERT INTO `payments` (`payment_id`, `reservation_id`, `amount`, `payment_method`, `payment_status`, `transaction_reference`, `payment_date`) VALUES
('1', '1', '18000.00', '', '', 'GCA-20260505-7465', '2026-05-05 22:08:31'),
('2', '2', '9000.00', 'Bank Transfer', '', 'BAN-20260613-3559', '2026-06-13 22:08:31'),
('3', '3', '4500.00', 'Credit Card', '', 'CRE-20260513-1841', '2026-05-13 22:08:31'),
('4', '4', '13500.00', 'Credit Card', '', 'CRE-20260406-8035', '2026-04-06 22:08:31'),
('5', '5', '18000.00', '', '', 'GCA-20260415-6949', '2026-04-15 22:08:31'),
('6', '6', '18000.00', 'Bank Transfer', '', 'BAN-20260407-6631', '2026-04-07 22:08:31'),
('7', '7', '4500.00', 'Bank Transfer', '', 'BAN-20260524-1901', '2026-05-24 22:08:31'),
('8', '8', '18000.00', '', '', 'GCA-20260608-1056', '2026-06-08 22:08:31'),
('9', '9', '18000.00', '', '', 'GCA-20260529-4368', '2026-05-29 22:08:31'),
('10', '10', '18000.00', 'Debit Card', '', 'DEB-20260518-7569', '2026-05-18 22:08:31'),
('11', '11', '9000.00', 'Cash', '', 'CAS-20260511-4403', '2026-05-11 22:08:31'),
('12', '12', '4500.00', 'Bank Transfer', '', 'BAN-20260415-4490', '2026-04-15 22:08:31'),
('13', '13', '7500.00', 'Debit Card', '', 'DEB-20260525-2226', '2026-05-25 22:08:31'),
('14', '14', '22500.00', 'Debit Card', '', 'DEB-20260430-1860', '2026-04-30 22:08:31'),
('15', '15', '30000.00', '', '', 'GCA-20260617-2944', '2026-06-17 22:08:31'),
('16', '16', '22500.00', 'Bank Transfer', '', 'BAN-20260615-5341', '2026-06-15 22:08:31'),
('17', '17', '22500.00', '', '', 'GCA-20260429-2752', '2026-04-29 22:08:31'),
('18', '18', '15000.00', 'Cash', '', 'CAS-20260629-3839', '2026-06-29 22:08:31'),
('19', '19', '15000.00', '', '', 'GCA-20260511-1840', '2026-05-11 22:08:31'),
('20', '20', '30000.00', 'Credit Card', '', 'CRE-20260515-8298', '2026-05-15 22:08:31'),
('21', '21', '7500.00', 'Cash', '', 'CAS-20260411-7220', '2026-04-11 22:08:31'),
('22', '22', '22500.00', '', '', 'GCA-20260508-5279', '2026-05-08 22:08:31'),
('23', '23', '30000.00', 'Debit Card', '', 'DEB-20260601-3763', '2026-06-01 22:08:31'),
('24', '24', '30000.00', 'Cash', '', 'CAS-20260624-1417', '2026-06-24 22:08:31'),
('25', '25', '12500.00', 'Credit Card', '', 'CRE-20260418-5797', '2026-04-18 22:08:31'),
('26', '26', '50000.00', 'Cash', '', 'CAS-20260423-6774', '2026-04-23 22:08:31'),
('27', '27', '12500.00', '', '', 'GCA-20260426-6223', '2026-04-26 22:08:31'),
('28', '28', '12500.00', 'Credit Card', '', 'CRE-20260506-7318', '2026-05-06 22:08:31'),
('29', '29', '12500.00', 'Debit Card', '', 'DEB-20260430-2159', '2026-04-30 22:08:31'),
('30', '30', '12500.00', 'Credit Card', '', 'CRE-20260522-4005', '2026-05-22 22:08:31'),
('31', '31', '50000.00', 'Bank Transfer', '', 'BAN-20260621-9672', '2026-06-21 22:08:31'),
('32', '32', '25000.00', 'Cash', '', 'CAS-20260426-8373', '2026-04-26 22:08:31'),
('33', '33', '37500.00', 'Bank Transfer', '', 'BAN-20260530-9266', '2026-05-30 22:08:31'),
('34', '34', '12500.00', 'Debit Card', '', 'DEB-20260708-4708', '2026-07-08 22:08:31'),
('35', '35', '37500.00', 'Debit Card', '', 'DEB-20260509-1729', '2026-05-09 22:08:31'),
('36', '36', '25000.00', '', '', 'GCA-20260614-1643', '2026-06-14 22:08:31'),
('37', '37', '13500.00', 'Cash', '', 'CAS-20260508-8262', '2026-05-08 22:08:31'),
('38', '38', '18000.00', 'Cash', '', 'CAS-20260523-9072', '2026-05-23 22:08:31'),
('39', '39', '18000.00', 'Debit Card', '', 'DEB-20260621-3632', '2026-06-21 22:08:31'),
('40', '40', '4500.00', 'Cash', '', 'CAS-20260702-1988', '2026-07-02 22:08:31'),
('41', '41', '13500.00', 'Debit Card', '', 'CHK-20260723-1834', '2026-07-22 21:08:31'),
('42', '42', '13500.00', 'Cash', '', 'CHK-20260723-1269', '2026-07-22 21:08:31'),
('43', '43', '22500.00', 'Bank Transfer', '', 'CHK-20260723-8718', '2026-07-22 21:08:31'),
('44', '44', '22500.00', 'Cash', '', 'CHK-20260723-8779', '2026-07-22 21:08:31'),
('45', '45', '37500.00', 'Credit Card', '', 'CHK-20260723-7979', '2026-07-22 21:08:31'),
('46', '46', '37500.00', 'Bank Transfer', '', 'CHK-20260723-3373', '2026-07-22 21:08:31'),
('47', '47', '9000.00', '', 'Confirmed', 'RES-20260723-1964', '2026-07-22 21:08:31'),
('48', '48', '9000.00', 'Credit Card', 'Confirmed', 'RES-20260723-5635', '2026-07-22 21:08:31'),
('49', '49', '15000.00', 'Bank Transfer', 'Confirmed', 'RES-20260723-9705', '2026-07-22 21:08:31'),
('50', '50', '15000.00', 'Credit Card', 'Confirmed', 'RES-20260723-7066', '2026-07-22 21:08:31'),
('51', '51', '25000.00', '', 'Confirmed', 'RES-20260723-1012', '2026-07-22 21:08:31'),
('52', '52', '25000.00', 'Cash', 'Confirmed', 'RES-20260723-3953', '2026-07-22 21:08:31');

-- Table: room_reviews
TRUNCATE TABLE `room_reviews`;
INSERT INTO `room_reviews` (`review_id`, `reservation_id`, `user_id`, `room_id`, `rating`, `comment`, `created_at`) VALUES
('1', '3', '4', '3', '4', 'Top tier hospitality! Breakfast spread was world-class and the room amenities were top notch.', '2026-05-19 12:00:00'),
('2', '4', '5', '4', '4', 'Beautiful view of the skyline and extremely comfortable king bed. Will definitely book again!', '2026-04-14 12:00:00'),
('3', '6', '7', '6', '5', 'Absolute 5-star luxury! The room exceeded all our expectations. Impeccable cleanliness and ultra-responsive butler service.', '2026-04-16 12:00:00'),
('4', '8', '9', '8', '4', 'Absolute 5-star luxury! The room exceeded all our expectations. Impeccable cleanliness and ultra-responsive butler service.', '2026-06-17 12:00:00'),
('5', '11', '12', '11', '4', 'Everything was pristine. The marble bathroom and rain shower felt like a private spa resort.', '2026-05-18 12:00:00'),
('6', '13', '14', '13', '4', 'Sublime stay at Emperor Hotel. The smart lighting controls and high-speed Wi-Fi made our executive trip seamless.', '2026-05-31 12:00:00'),
('7', '16', '17', '16', '4', 'Wonderful experience from check-in to check-out. Very quiet, elegant, and peaceful suite.', '2026-06-23 12:00:00'),
('8', '17', '18', '17', '5', 'Beautiful view of the skyline and extremely comfortable king bed. Will definitely book again!', '2026-05-07 12:00:00'),
('9', '19', '20', '19', '4', 'Sublime stay at Emperor Hotel. The smart lighting controls and high-speed Wi-Fi made our executive trip seamless.', '2026-05-18 12:00:00'),
('10', '20', '21', '20', '5', 'Wonderful experience from check-in to check-out. Very quiet, elegant, and peaceful suite.', '2026-05-24 12:00:00'),
('11', '22', '23', '22', '5', 'Sublime stay at Emperor Hotel. The smart lighting controls and high-speed Wi-Fi made our executive trip seamless.', '2026-05-16 12:00:00'),
('12', '24', '25', '24', '4', 'Absolute 5-star luxury! The room exceeded all our expectations. Impeccable cleanliness and ultra-responsive butler service.', '2026-07-03 12:00:00'),
('13', '25', '26', '25', '5', 'Everything was pristine. The marble bathroom and rain shower felt like a private spa resort.', '2026-04-24 12:00:00'),
('14', '27', '28', '27', '4', 'Exceeded expectations! Smooth check-in process and staff went above and beyond.', '2026-05-02 12:00:00'),
('15', '29', '30', '29', '5', 'Top tier hospitality! Breakfast spread was world-class and the room amenities were top notch.', '2026-05-06 12:00:00');

SET FOREIGN_KEY_CHECKS = 1;
